team,year,round,stage
AYLESBURY UNITED,1952,FIRST ROUND PROPER,8.0
BANGOR CITY,1952,FIRST ROUND PROPER,8.0
BARNSTAPLE TOWN,1952,FIRST ROUND PROPER,8.0
BARRY TOWN,1952,FIRST ROUND PROPER,8.0
BEDFORD TOWN,1952,FIRST ROUND PROPER,8.0
BILLINGHAM SYNTHONIA,1952,FIRST ROUND PROPER,8.0
BISHOP AUCKLAND,1952,FIRST ROUND PROPER,8.0
BLACKHALL COLLIERY WELFARE,1952,FIRST ROUND PROPER,8.0
BLYTH SPARTANS,1952,FIRST ROUND PROPER,8.0
BROMLEY,1952,FIRST ROUND PROPER,8.0
BRUSH SPORTS,1952,FIRST ROUND PROPER,8.0
BUXTON,1952,FIRST ROUND PROPER,8.0
CHIPPENHAM TOWN,1952,FIRST ROUND PROPER,8.0
FOLKESTONE,1952,FIRST ROUND PROPER,8.0
GAINSBOROUGH TRINITY,1952,FIRST ROUND PROPER,8.0
GOOLE TOWN,1952,FIRST ROUND PROPER,8.0
GORLESTON,1952,FIRST ROUND PROPER,8.0
GUILDFORD CITY,1952,FIRST ROUND PROPER,8.0
HEREFORD UNITED,1952,FIRST ROUND PROPER,8.0
ILKESTON TOWN,1952,FIRST ROUND PROPER,8.0
KETTERING TOWN,1952,FIRST ROUND PROPER,8.0
KING'S LYNN,1952,FIRST ROUND PROPER,8.0
LEYTON,1952,FIRST ROUND PROPER,8.0
LEYTONSTONE,1952,FIRST ROUND PROPER,8.0
MERTHYR TOWN,1952,FIRST ROUND PROPER,8.0
NELSON,1952,FIRST ROUND PROPER,8.0
RAWMARSH WELFARE,1952,FIRST ROUND PROPER,8.0
RHYL,1952,FIRST ROUND PROPER,8.0
STOCKTON,1952,FIRST ROUND PROPER,8.0
TONBRIDGE ANGELS,1952,FIRST ROUND PROPER,8.0
WEYMOUTH,1952,FIRST ROUND PROPER,8.0
WITTON ALBION,1952,FIRST ROUND PROPER,8.0
ASHINGTON,1953,FIRST ROUND PROPER,8.0
ASHTON UNITED,1953,FIRST ROUND PROPER,8.0
BANGOR CITY,1953,FIRST ROUND PROPER,8.0
BATH CITY,1953,FIRST ROUND PROPER,8.0
BEIGHTON MINERS WELFARE,1953,FIRST ROUND PROPER,8.0
BISHOP AUCKLAND,1953,FIRST ROUND PROPER,8.0
BOSTON UNITED,1953,FIRST ROUND PROPER,8.0
FINCHLEY,1953,FIRST ROUND PROPER,8.0
GAINSBOROUGH TRINITY,1953,FIRST ROUND PROPER,8.0
GRAYS ATHLETIC,1953,FIRST ROUND PROPER,8.0
GREAT YARMOUTH TOWN,1953,FIRST ROUND PROPER,8.0
GUILDFORD CITY,1953,FIRST ROUND PROPER,8.0
HENDON,1953,FIRST ROUND PROPER,8.0
HEREFORD UNITED,1953,FIRST ROUND PROPER,8.0
HORDEN CW,1953,FIRST ROUND PROPER,8.0
KIDDERMINSTER HARRIERS,1953,FIRST ROUND PROPER,8.0
LEYTON,1953,FIRST ROUND PROPER,8.0
LEYTONSTONE,1953,FIRST ROUND PROPER,8.0
LLANELLI,1953,FIRST ROUND PROPER,8.0
NETHERFIELD (KENDAL),1953,FIRST ROUND PROPER,8.0
NEWPORT (IOW),1953,FIRST ROUND PROPER,8.0
NORTH SHIELDS,1953,FIRST ROUND PROPER,8.0
PETERBOROUGH UNITED,1953,FIRST ROUND PROPER,8.0
RHYL,1953,FIRST ROUND PROPER,8.0
SCARBOROUGH,1953,FIRST ROUND PROPER,8.0
SELBY TOWN,1953,FIRST ROUND PROPER,8.0
TONBRIDGE ANGELS,1953,FIRST ROUND PROPER,8.0
WALTHAMSTOW AVENUE,1953,FIRST ROUND PROPER,8.0
WELLINGTON,1953,FIRST ROUND PROPER,8.0
WEYMOUTH,1953,FIRST ROUND PROPER,8.0
WIMBLEDON,1953,FIRST ROUND PROPER,8.0
YEOVIL TOWN,1953,FIRST ROUND PROPER,8.0
BATH CITY,1954,FIRST ROUND PROPER,8.0
BEDFORD TOWN,1954,FIRST ROUND PROPER,8.0
BLYTH SPARTANS,1954,FIRST ROUND PROPER,8.0
BOSTON UNITED,1954,FIRST ROUND PROPER,8.0
CAMBRIDGE UNITED,1954,FIRST ROUND PROPER,8.0
FERRYHILL ATHLETIC,1954,FIRST ROUND PROPER,8.0
FINCHLEY,1954,FIRST ROUND PROPER,8.0
GAINSBOROUGH TRINITY,1954,FIRST ROUND PROPER,8.0
GREAT YARMOUTH TOWN,1954,FIRST ROUND PROPER,8.0
GUILDFORD CITY,1954,FIRST ROUND PROPER,8.0
HARWICH & PARKESTON,1954,FIRST ROUND PROPER,8.0
HASTINGS UNITED,1954,FIRST ROUND PROPER,8.0
HEADINGTON UNITED,1954,FIRST ROUND PROPER,8.0
HEREFORD UNITED,1954,FIRST ROUND PROPER,8.0
HITCHIN TOWN,1954,FIRST ROUND PROPER,8.0
HORDEN CW,1954,FIRST ROUND PROPER,8.0
KETTERING TOWN,1954,FIRST ROUND PROPER,8.0
LLANELLI,1954,FIRST ROUND PROPER,8.0
NELSON,1954,FIRST ROUND PROPER,8.0
NEWPORT (IOW),1954,FIRST ROUND PROPER,8.0
NUNEATON TOWN,1954,FIRST ROUND PROPER,8.0
PETERBOROUGH UNITED,1954,FIRST ROUND PROPER,8.0
RHYL,1954,FIRST ROUND PROPER,8.0
SCARBOROUGH,1954,FIRST ROUND PROPER,8.0
SELBY TOWN,1954,FIRST ROUND PROPER,8.0
SPENNYMOOR UNITED,1954,FIRST ROUND PROPER,8.0
WALTHAMSTOW AVENUE,1954,FIRST ROUND PROPER,8.0
WELLINGTON,1954,FIRST ROUND PROPER,8.0
WEYMOUTH,1954,FIRST ROUND PROPER,8.0
WIGAN ATHLETIC,1954,FIRST ROUND PROPER,8.0
WITTON ALBION,1954,FIRST ROUND PROPER,8.0
YEOVIL TOWN,1954,FIRST ROUND PROPER,8.0
BARNET,1955,FIRST ROUND PROPER,8.0
BARNSTAPLE TOWN,1955,FIRST ROUND PROPER,8.0
BEDFORD TOWN,1955,FIRST ROUND PROPER,8.0
BISHOP AUCKLAND,1955,FIRST ROUND PROPER,8.0
BLYTH SPARTANS,1955,FIRST ROUND PROPER,8.0
BOSTON UNITED,1955,FIRST ROUND PROPER,8.0
CAMBRIDGE UNITED,1955,FIRST ROUND PROPER,8.0
CHELMSFORD CITY,1955,FIRST ROUND PROPER,8.0
CORBY TOWN,1955,FIRST ROUND PROPER,8.0
CRESWELL COLLIERY,1955,FIRST ROUND PROPER,8.0
CROOK TOWN,1955,FIRST ROUND PROPER,8.0
DORCHESTER TOWN,1955,FIRST ROUND PROPER,8.0
FROME TOWN,1955,FIRST ROUND PROPER,8.0
HASTINGS UNITED,1955,FIRST ROUND PROPER,8.0
HEADINGTON UNITED,1955,FIRST ROUND PROPER,8.0
HINCKLEY ATHLETIC,1955,FIRST ROUND PROPER,8.0
HORDEN CW,1955,FIRST ROUND PROPER,8.0
HOUNSLOW TOWN,1955,FIRST ROUND PROPER,8.0
HYDE UNITED,1955,FIRST ROUND PROPER,8.0
KETTERING TOWN,1955,FIRST ROUND PROPER,8.0
MERTHYR TOWN,1955,FIRST ROUND PROPER,8.0
NETHERFIELD (KENDAL),1955,FIRST ROUND PROPER,8.0
NEWPORT (IOW),1955,FIRST ROUND PROPER,8.0
NUNEATON TOWN,1955,FIRST ROUND PROPER,8.0
RHYL,1955,FIRST ROUND PROPER,8.0
SCARBOROUGH,1955,FIRST ROUND PROPER,8.0
SELBY TOWN,1955,FIRST ROUND PROPER,8.0
STANLEY UNITED,1955,FIRST ROUND PROPER,8.0
TUNBRIDGE WELLS UNITED,1955,FIRST ROUND PROPER,8.0
WALTHAMSTOW AVENUE,1955,FIRST ROUND PROPER,8.0
WELLINGTON,1955,FIRST ROUND PROPER,8.0
WIGAN ATHLETIC,1955,FIRST ROUND PROPER,8.0
ASHTON UNITED,1956,FIRST ROUND PROPER,8.0
BEDFORD TOWN,1956,FIRST ROUND PROPER,8.0
BISHOP AUCKLAND,1956,FIRST ROUND PROPER,8.0
BOSTON UNITED,1956,FIRST ROUND PROPER,8.0
BURTON ALBION,1956,FIRST ROUND PROPER,8.0
CROOK TOWN,1956,FIRST ROUND PROPER,8.0
DORCHESTER TOWN,1956,FIRST ROUND PROPER,8.0
DURHAM CITY,1956,FIRST ROUND PROPER,8.0
EASINGTON CW,1956,FIRST ROUND PROPER,8.0
GOOLE TOWN,1956,FIRST ROUND PROPER,8.0
HALESOWEN TOWN,1956,FIRST ROUND PROPER,8.0
HASTINGS UNITED,1956,FIRST ROUND PROPER,8.0
HENDON,1956,FIRST ROUND PROPER,8.0
HEREFORD UNITED,1956,FIRST ROUND PROPER,8.0
LEYTON,1956,FIRST ROUND PROPER,8.0
LOVELLS ATHLETIC,1956,FIRST ROUND PROPER,8.0
MARCH TOWN UNITED,1956,FIRST ROUND PROPER,8.0
MARGATE,1956,FIRST ROUND PROPER,8.0
NETHERFIELD (KENDAL),1956,FIRST ROUND PROPER,8.0
NORTHWICH VICTORIA,1956,FIRST ROUND PROPER,8.0
PETERBOROUGH UNITED,1956,FIRST ROUND PROPER,8.0
RAMSGATE ATHLETIC,1956,FIRST ROUND PROPER,8.0
RHYL,1956,FIRST ROUND PROPER,8.0
SALISBURY,1956,FIRST ROUND PROPER,8.0
SCARBOROUGH,1956,FIRST ROUND PROPER,8.0
SHILDON,1956,FIRST ROUND PROPER,8.0
SKEGNESS TOWN,1956,FIRST ROUND PROPER,8.0
SOUTHALL,1956,FIRST ROUND PROPER,8.0
WEYMOUTH,1956,FIRST ROUND PROPER,8.0
WORKSOP TOWN,1956,FIRST ROUND PROPER,8.0
WYCOMBE WANDERERS,1956,FIRST ROUND PROPER,8.0
YEOVIL TOWN,1956,FIRST ROUND PROPER,8.0
BEDFORD TOWN,1957,FIRST ROUND PROPER,8.0
BILLINGHAM SYNTHONIA,1957,FIRST ROUND PROPER,8.0
BISHOP AUCKLAND,1957,FIRST ROUND PROPER,8.0
BLYTH SPARTANS,1957,FIRST ROUND PROPER,8.0
BOSTON UNITED,1957,FIRST ROUND PROPER,8.0
BROMSGROVE ROVERS,1957,FIRST ROUND PROPER,8.0
BURTON ALBION,1957,FIRST ROUND PROPER,8.0
CHELTENHAM TOWN,1957,FIRST ROUND PROPER,8.0
DORCHESTER TOWN,1957,FIRST ROUND PROPER,8.0
DUNSTABLE TOWN,1957,FIRST ROUND PROPER,8.0
ELY CITY,1957,FIRST ROUND PROPER,8.0
EVENWOOD TOWN,1957,FIRST ROUND PROPER,8.0
GOOLE TOWN,1957,FIRST ROUND PROPER,8.0
GUILDFORD CITY,1957,FIRST ROUND PROPER,8.0
HASTINGS UNITED,1957,FIRST ROUND PROPER,8.0
HEREFORD UNITED,1957,FIRST ROUND PROPER,8.0
ILKESTON TOWN,1957,FIRST ROUND PROPER,8.0
MARGATE,1957,FIRST ROUND PROPER,8.0
MORECAMBE,1957,FIRST ROUND PROPER,8.0
NEW BRIGHTON,1957,FIRST ROUND PROPER,8.0
NEWPORT (IOW),1957,FIRST ROUND PROPER,8.0
PETERBOROUGH UNITED,1957,FIRST ROUND PROPER,8.0
RHYL,1957,FIRST ROUND PROPER,8.0
SCARBOROUGH,1957,FIRST ROUND PROPER,8.0
SELBY TOWN,1957,FIRST ROUND PROPER,8.0
SOUTH SHIELDS,1957,FIRST ROUND PROPER,8.0
TOOTING & MITCHAM UNITED,1957,FIRST ROUND PROPER,8.0
WALTHAMSTOW AVENUE,1957,FIRST ROUND PROPER,8.0
WEYMOUTH,1957,FIRST ROUND PROPER,8.0
WIGAN ATHLETIC,1957,FIRST ROUND PROPER,8.0
YEOVIL TOWN,1957,FIRST ROUND PROPER,8.0
YIEWSLEY,1957,FIRST ROUND PROPER,8.0
BATH CITY,1958,FIRST ROUND PROPER,8.0
BILLINGHAM SYNTHONIA,1958,FIRST ROUND PROPER,8.0
BISHOP AUCKLAND,1958,FIRST ROUND PROPER,8.0
BOSTON UNITED,1958,FIRST ROUND PROPER,8.0
CLAPTON,1958,FIRST ROUND PROPER,8.0
CROOK TOWN,1958,FIRST ROUND PROPER,8.0
DORCHESTER TOWN,1958,FIRST ROUND PROPER,8.0
DURHAM CITY,1958,FIRST ROUND PROPER,8.0
FRICKLEY COLLIERY,1958,FIRST ROUND PROPER,8.0
GOOLE TOWN,1958,FIRST ROUND PROPER,8.0
GORLESTON,1958,FIRST ROUND PROPER,8.0
GUILDFORD CITY,1958,FIRST ROUND PROPER,8.0
HEREFORD UNITED,1958,FIRST ROUND PROPER,8.0
MARGATE,1958,FIRST ROUND PROPER,8.0
NEWPORT (IOW),1958,FIRST ROUND PROPER,8.0
OSWESTRY TOWN,1958,FIRST ROUND PROPER,8.0
PETERBOROUGH UNITED,1958,FIRST ROUND PROPER,8.0
PRESCOT CABLES,1958,FIRST ROUND PROPER,8.0
REDHILL,1958,FIRST ROUND PROPER,8.0
RHYL,1958,FIRST ROUND PROPER,8.0
SCARBOROUGH,1958,FIRST ROUND PROPER,8.0
SOUTH SHIELDS,1958,FIRST ROUND PROPER,8.0
SPALDING UNITED,1958,FIRST ROUND PROPER,8.0
TROWBRIDGE TOWN,1958,FIRST ROUND PROPER,8.0
WALTHAMSTOW AVENUE,1958,FIRST ROUND PROPER,8.0
WALTON & HERSHAM,1958,FIRST ROUND PROPER,8.0
WIGAN ATHLETIC,1958,FIRST ROUND PROPER,8.0
WISBECH TOWN,1958,FIRST ROUND PROPER,8.0
WITTON ALBION,1958,FIRST ROUND PROPER,8.0
WORCESTER CITY,1958,FIRST ROUND PROPER,8.0
WYCOMBE WANDERERS,1958,FIRST ROUND PROPER,8.0
YEOVIL TOWN,1958,FIRST ROUND PROPER,8.0
ASHFORD TOWN,1959,FIRST ROUND PROPER,8.0
BATH CITY,1959,FIRST ROUND PROPER,8.0
BISHOP AUCKLAND,1959,FIRST ROUND PROPER,8.0
BLYTH SPARTANS,1959,FIRST ROUND PROPER,8.0
BOSTON UNITED,1959,FIRST ROUND PROPER,8.0
BUXTON,1959,FIRST ROUND PROPER,8.0
CHELMSFORD CITY,1959,FIRST ROUND PROPER,8.0
CONSETT,1959,FIRST ROUND PROPER,8.0
CROOK TOWN,1959,FIRST ROUND PROPER,8.0
DENABY UNITED,1959,FIRST ROUND PROPER,8.0
GUILDFORD CITY,1959,FIRST ROUND PROPER,8.0
HEADINGTON UNITED,1959,FIRST ROUND PROPER,8.0
HEANOR TOWN,1959,FIRST ROUND PROPER,8.0
HEREFORD UNITED,1959,FIRST ROUND PROPER,8.0
HITCHIN TOWN,1959,FIRST ROUND PROPER,8.0
ILFORD,1959,FIRST ROUND PROPER,8.0
KETTERING TOWN,1959,FIRST ROUND PROPER,8.0
KING'S LYNN,1959,FIRST ROUND PROPER,8.0
MARGATE,1959,FIRST ROUND PROPER,8.0
MERTHYR TOWN,1959,FIRST ROUND PROPER,8.0
MORECAMBE,1959,FIRST ROUND PROPER,8.0
NEWPORT (IOW),1959,FIRST ROUND PROPER,8.0
PETERBOROUGH UNITED,1959,FIRST ROUND PROPER,8.0
RHYL,1959,FIRST ROUND PROPER,8.0
SOUTH SHIELDS,1959,FIRST ROUND PROPER,8.0
TOOTING & MITCHAM UNITED,1959,FIRST ROUND PROPER,8.0
WEYMOUTH,1959,FIRST ROUND PROPER,8.0
WISBECH TOWN,1959,FIRST ROUND PROPER,8.0
WOKING,1959,FIRST ROUND PROPER,8.0
WORCESTER CITY,1959,FIRST ROUND PROPER,8.0
WYCOMBE WANDERERS,1959,FIRST ROUND PROPER,8.0
YEOVIL TOWN,1959,FIRST ROUND PROPER,8.0
ASHFORD TOWN,1960,FIRST ROUND PROPER,8.0
BARNET,1960,FIRST ROUND PROPER,8.0
BARNSTAPLE TOWN,1960,FIRST ROUND PROPER,8.0
BATH CITY,1960,FIRST ROUND PROPER,8.0
BEDFORD TOWN,1960,FIRST ROUND PROPER,8.0
BLYTH SPARTANS,1960,FIRST ROUND PROPER,8.0
BURSCOUGH,1960,FIRST ROUND PROPER,8.0
CHELMSFORD CITY,1960,FIRST ROUND PROPER,8.0
CHELTENHAM TOWN,1960,FIRST ROUND PROPER,8.0
CROOK TOWN,1960,FIRST ROUND PROPER,8.0
DORCHESTER TOWN,1960,FIRST ROUND PROPER,8.0
ENFIELD,1960,FIRST ROUND PROPER,8.0
GAINSBOROUGH TRINITY,1960,FIRST ROUND PROPER,8.0
HASTINGS UNITED,1960,FIRST ROUND PROPER,8.0
HEADINGTON UNITED,1960,FIRST ROUND PROPER,8.0
HEREFORD UNITED,1960,FIRST ROUND PROPER,8.0
KETTERING TOWN,1960,FIRST ROUND PROPER,8.0
KING'S LYNN,1960,FIRST ROUND PROPER,8.0
MARGATE,1960,FIRST ROUND PROPER,8.0
MATLOCK TOWN,1960,FIRST ROUND PROPER,8.0
OSWESTRY TOWN,1960,FIRST ROUND PROPER,8.0
PETERBOROUGH UNITED,1960,FIRST ROUND PROPER,8.0
PRESCOT CABLES,1960,FIRST ROUND PROPER,8.0
RHYL,1960,FIRST ROUND PROPER,8.0
SALISBURY,1960,FIRST ROUND PROPER,8.0
SCARBOROUGH,1960,FIRST ROUND PROPER,8.0
SHILDON,1960,FIRST ROUND PROPER,8.0
SOUTH SHIELDS,1960,FIRST ROUND PROPER,8.0
WALTHAMSTOW AVENUE,1960,FIRST ROUND PROPER,8.0
WEST AUCKLAND TOWN,1960,FIRST ROUND PROPER,8.0
WISBECH TOWN,1960,FIRST ROUND PROPER,8.0
WYCOMBE WANDERERS,1960,FIRST ROUND PROPER,8.0
ASHFORD TOWN,1961,FIRST ROUND PROPER,8.0
BANGOR CITY,1961,FIRST ROUND PROPER,8.0
BATH CITY,1961,FIRST ROUND PROPER,8.0
BISHOP AUCKLAND,1961,FIRST ROUND PROPER,8.0
BLYTH SPARTANS,1961,FIRST ROUND PROPER,8.0
BRIDGWATER TOWN,1961,FIRST ROUND PROPER,8.0
BRIDLINGTON TOWN,1961,FIRST ROUND PROPER,8.0
CHELMSFORD CITY,1961,FIRST ROUND PROPER,8.0
CHICHESTER CITY,1961,FIRST ROUND PROPER,8.0
DOVER,1961,FIRST ROUND PROPER,8.0
FC CLACTON,1961,FIRST ROUND PROPER,8.0
GATESHEAD,1961,FIRST ROUND PROPER,8.0
HASTINGS UNITED,1961,FIRST ROUND PROPER,8.0
HENDON,1961,FIRST ROUND PROPER,8.0
HEREFORD UNITED,1961,FIRST ROUND PROPER,8.0
HITCHIN TOWN,1961,FIRST ROUND PROPER,8.0
KETTERING TOWN,1961,FIRST ROUND PROPER,8.0
KING'S LYNN,1961,FIRST ROUND PROPER,8.0
LOUGHBOROUGH UNITED,1961,FIRST ROUND PROPER,8.0
MACCLESFIELD TOWN,1961,FIRST ROUND PROPER,8.0
MAIDENHEAD UNITED,1961,FIRST ROUND PROPER,8.0
OXFORD UNITED,1961,FIRST ROUND PROPER,8.0
RHYL,1961,FIRST ROUND PROPER,8.0
ROMFORD,1961,FIRST ROUND PROPER,8.0
SCARBOROUGH,1961,FIRST ROUND PROPER,8.0
SUTTON TOWN,1961,FIRST ROUND PROPER,8.0
SUTTON UNITED,1961,FIRST ROUND PROPER,8.0
WALTHAMSTOW AVENUE,1961,FIRST ROUND PROPER,8.0
WEYMOUTH,1961,FIRST ROUND PROPER,8.0
WORCESTER CITY,1961,FIRST ROUND PROPER,8.0
WYCOMBE WANDERERS,1961,FIRST ROUND PROPER,8.0
YEOVIL TOWN,1961,FIRST ROUND PROPER,8.0
ASHFORD TOWN,1962,FIRST ROUND PROPER,8.0
ASHINGTON,1962,FIRST ROUND PROPER,8.0
BANBURY SPENCER,1962,FIRST ROUND PROPER,8.0
BARNET,1962,FIRST ROUND PROPER,8.0
BARRY TOWN,1962,FIRST ROUND PROPER,8.0
BLYTH SPARTANS,1962,FIRST ROUND PROPER,8.0
BRIDGWATER TOWN,1962,FIRST ROUND PROPER,8.0
BRIERLEY HILL ALLIANCE,1962,FIRST ROUND PROPER,8.0
CHELMSFORD CITY,1962,FIRST ROUND PROPER,8.0
DARTFORD,1962,FIRST ROUND PROPER,8.0
GATESHEAD,1962,FIRST ROUND PROPER,8.0
GRANTHAM TOWN,1962,FIRST ROUND PROPER,8.0
HARWICH & PARKESTON,1962,FIRST ROUND PROPER,8.0
HEREFORD UNITED,1962,FIRST ROUND PROPER,8.0
KETTERING TOWN,1962,FIRST ROUND PROPER,8.0
KING'S LYNN,1962,FIRST ROUND PROPER,8.0
MARGATE,1962,FIRST ROUND PROPER,8.0
MORECAMBE,1962,FIRST ROUND PROPER,8.0
NORTHWICH VICTORIA,1962,FIRST ROUND PROPER,8.0
OXFORD UNITED,1962,FIRST ROUND PROPER,8.0
RHYL,1962,FIRST ROUND PROPER,8.0
ROMFORD,1962,FIRST ROUND PROPER,8.0
SHILDON,1962,FIRST ROUND PROPER,8.0
SOUTH SHIELDS,1962,FIRST ROUND PROPER,8.0
TUNBRIDGE WELLS UNITED,1962,FIRST ROUND PROPER,8.0
WALTHAMSTOW AVENUE,1962,FIRST ROUND PROPER,8.0
WEST AUCKLAND TOWN,1962,FIRST ROUND PROPER,8.0
WESTON-SUPER-MARE,1962,FIRST ROUND PROPER,8.0
WEYMOUTH,1962,FIRST ROUND PROPER,8.0
WORKSOP TOWN,1962,FIRST ROUND PROPER,8.0
WYCOMBE WANDERERS,1962,FIRST ROUND PROPER,8.0
YEOVIL TOWN,1962,FIRST ROUND PROPER,8.0
ANDOVER,1963,FIRST ROUND PROPER,8.0
BEDFORD TOWN,1963,FIRST ROUND PROPER,8.0
BLYTH SPARTANS,1963,FIRST ROUND PROPER,8.0
BOSTON UNITED,1963,FIRST ROUND PROPER,8.0
BUXTON,1963,FIRST ROUND PROPER,8.0
CAMBRIDGE UNITED,1963,FIRST ROUND PROPER,8.0
CHELMSFORD CITY,1963,FIRST ROUND PROPER,8.0
CHELTENHAM TOWN,1963,FIRST ROUND PROPER,8.0
CROOK TOWN,1963,FIRST ROUND PROPER,8.0
DARTFORD,1963,FIRST ROUND PROPER,8.0
EBBSFLEET UNITED,1963,FIRST ROUND PROPER,8.0
ENFIELD,1963,FIRST ROUND PROPER,8.0
FALMOUTH TOWN,1963,FIRST ROUND PROPER,8.0
GATESHEAD,1963,FIRST ROUND PROPER,8.0
HEREFORD UNITED,1963,FIRST ROUND PROPER,8.0
HINCKLEY ATHLETIC,1963,FIRST ROUND PROPER,8.0
HOUNSLOW TOWN,1963,FIRST ROUND PROPER,8.0
KING'S LYNN,1963,FIRST ROUND PROPER,8.0
MAIDENHEAD UNITED,1963,FIRST ROUND PROPER,8.0
MARGATE,1963,FIRST ROUND PROPER,8.0
MORECAMBE,1963,FIRST ROUND PROPER,8.0
NORTH SHIELDS,1963,FIRST ROUND PROPER,8.0
POOLE TOWN,1963,FIRST ROUND PROPER,8.0
RHYL,1963,FIRST ROUND PROPER,8.0
SCARBOROUGH,1963,FIRST ROUND PROPER,8.0
SITTINGBOURNE,1963,FIRST ROUND PROPER,8.0
SOUTH SHIELDS,1963,FIRST ROUND PROPER,8.0
WELLINGTON,1963,FIRST ROUND PROPER,8.0
WIGAN ATHLETIC,1963,FIRST ROUND PROPER,8.0
WIMBLEDON,1963,FIRST ROUND PROPER,8.0
WYCOMBE WANDERERS,1963,FIRST ROUND PROPER,8.0
YEOVIL TOWN,1963,FIRST ROUND PROPER,8.0
ALTRINCHAM,1964,FIRST ROUND PROPER,8.0
BANGOR CITY,1964,FIRST ROUND PROPER,8.0
BARNET,1964,FIRST ROUND PROPER,8.0
BATH CITY,1964,FIRST ROUND PROPER,8.0
BEDFORD TOWN,1964,FIRST ROUND PROPER,8.0
BEXLEY UNITED,1964,FIRST ROUND PROPER,8.0
BLYTH SPARTANS,1964,FIRST ROUND PROPER,8.0
BRIDGWATER TOWN,1964,FIRST ROUND PROPER,8.0
CAMBRIDGE UNITED,1964,FIRST ROUND PROPER,8.0
CHELMSFORD CITY,1964,FIRST ROUND PROPER,8.0
CHORLEY,1964,FIRST ROUND PROPER,8.0
CORBY TOWN,1964,FIRST ROUND PROPER,8.0
CROOK TOWN,1964,FIRST ROUND PROPER,8.0
EBBSFLEET UNITED,1964,FIRST ROUND PROPER,8.0
ENFIELD,1964,FIRST ROUND PROPER,8.0
FOLKESTONE,1964,FIRST ROUND PROPER,8.0
FRICKLEY COLLIERY,1964,FIRST ROUND PROPER,8.0
GATESHEAD,1964,FIRST ROUND PROPER,8.0
HARWICH & PARKESTON,1964,FIRST ROUND PROPER,8.0
HEANOR TOWN,1964,FIRST ROUND PROPER,8.0
HEREFORD UNITED,1964,FIRST ROUND PROPER,8.0
KETTERING TOWN,1964,FIRST ROUND PROPER,8.0
LOUGHBOROUGH UNITED,1964,FIRST ROUND PROPER,8.0
MAIDENHEAD UNITED,1964,FIRST ROUND PROPER,8.0
MARGATE,1964,FIRST ROUND PROPER,8.0
NETHERFIELD (KENDAL),1964,FIRST ROUND PROPER,8.0
SUTTON UNITED,1964,FIRST ROUND PROPER,8.0
TOOTING & MITCHAM UNITED,1964,FIRST ROUND PROPER,8.0
TROWBRIDGE TOWN,1964,FIRST ROUND PROPER,8.0
WEYMOUTH,1964,FIRST ROUND PROPER,8.0
WIMBLEDON,1964,FIRST ROUND PROPER,8.0
YEOVIL TOWN,1964,FIRST ROUND PROPER,8.0
ANNFIELD PLAIN,1965,FIRST ROUND PROPER,8.0
BANGOR CITY,1965,FIRST ROUND PROPER,8.0
BARNET,1965,FIRST ROUND PROPER,8.0
BATH CITY,1965,FIRST ROUND PROPER,8.0
BIDEFORD,1965,FIRST ROUND PROPER,8.0
CAMBRIDGE UNITED,1965,FIRST ROUND PROPER,8.0
CANTERBURY CITY,1965,FIRST ROUND PROPER,8.0
CHELMSFORD CITY,1965,FIRST ROUND PROPER,8.0
CORBY TOWN,1965,FIRST ROUND PROPER,8.0
CROOK TOWN,1965,FIRST ROUND PROPER,8.0
DARTFORD,1965,FIRST ROUND PROPER,8.0
EBBSFLEET UNITED,1965,FIRST ROUND PROPER,8.0
ENFIELD,1965,FIRST ROUND PROPER,8.0
GUILDFORD CITY,1965,FIRST ROUND PROPER,8.0
HAYES & YEADING UNITED,1965,FIRST ROUND PROPER,8.0
HENDON,1965,FIRST ROUND PROPER,8.0
HEREFORD UNITED,1965,FIRST ROUND PROPER,8.0
KETTERING TOWN,1965,FIRST ROUND PROPER,8.0
KIDDERMINSTER HARRIERS,1965,FIRST ROUND PROPER,8.0
KING'S LYNN,1965,FIRST ROUND PROPER,8.0
MACCLESFIELD TOWN,1965,FIRST ROUND PROPER,8.0
NETHERFIELD (KENDAL),1965,FIRST ROUND PROPER,8.0
ROMFORD,1965,FIRST ROUND PROPER,8.0
SALISBURY,1965,FIRST ROUND PROPER,8.0
SCARBOROUGH,1965,FIRST ROUND PROPER,8.0
SOUTH LIVERPOOL,1965,FIRST ROUND PROPER,8.0
SOUTH SHIELDS,1965,FIRST ROUND PROPER,8.0
SPALDING UNITED,1965,FIRST ROUND PROPER,8.0
WELTON ROVERS,1965,FIRST ROUND PROPER,8.0
WEYMOUTH,1965,FIRST ROUND PROPER,8.0
WIGAN ATHLETIC,1965,FIRST ROUND PROPER,8.0
WISBECH TOWN,1965,FIRST ROUND PROPER,8.0
ALTRINCHAM,1966,FIRST ROUND PROPER,8.0
BARNET,1966,FIRST ROUND PROPER,8.0
BATH CITY,1966,FIRST ROUND PROPER,8.0
BEDFORD TOWN,1966,FIRST ROUND PROPER,8.0
BURTON ALBION,1966,FIRST ROUND PROPER,8.0
CORBY TOWN,1966,FIRST ROUND PROPER,8.0
CORINTHIAN CASUALS,1966,FIRST ROUND PROPER,8.0
CROOK TOWN,1966,FIRST ROUND PROPER,8.0
DARTFORD,1966,FIRST ROUND PROPER,8.0
EBBSFLEET UNITED,1966,FIRST ROUND PROPER,8.0
FLEETWOOD,1966,FIRST ROUND PROPER,8.0
FOLKESTONE,1966,FIRST ROUND PROPER,8.0
GATESHEAD,1966,FIRST ROUND PROPER,8.0
GRANTHAM TOWN,1966,FIRST ROUND PROPER,8.0
GUILDFORD CITY,1966,FIRST ROUND PROPER,8.0
HENDON,1966,FIRST ROUND PROPER,8.0
HEREFORD UNITED,1966,FIRST ROUND PROPER,8.0
KIDDERMINSTER HARRIERS,1966,FIRST ROUND PROPER,8.0
LEYTONSTONE,1966,FIRST ROUND PROPER,8.0
MERTHYR TOWN,1966,FIRST ROUND PROPER,8.0
ROMFORD,1966,FIRST ROUND PROPER,8.0
SCARBOROUGH,1966,FIRST ROUND PROPER,8.0
SOUTH LIVERPOOL,1966,FIRST ROUND PROPER,8.0
SOUTH SHIELDS,1966,FIRST ROUND PROPER,8.0
WEALDSTONE,1966,FIRST ROUND PROPER,8.0
WELLINGBOROUGH TOWN,1966,FIRST ROUND PROPER,8.0
WEYMOUTH,1966,FIRST ROUND PROPER,8.0
WIGAN ATHLETIC,1966,FIRST ROUND PROPER,8.0
WIMBLEDON,1966,FIRST ROUND PROPER,8.0
WISBECH TOWN,1966,FIRST ROUND PROPER,8.0
WYCOMBE WANDERERS,1966,FIRST ROUND PROPER,8.0
YEOVIL TOWN,1966,FIRST ROUND PROPER,8.0
ASHFORD TOWN,1967,FIRST ROUND PROPER,8.0
BANGOR CITY,1967,FIRST ROUND PROPER,8.0
BATH CITY,1967,FIRST ROUND PROPER,8.0
BEDFORD TOWN,1967,FIRST ROUND PROPER,8.0
BISHOP AUCKLAND,1967,FIRST ROUND PROPER,8.0
BLYTH SPARTANS,1967,FIRST ROUND PROPER,8.0
CAMBRIDGE CITY,1967,FIRST ROUND PROPER,8.0
CHELMSFORD CITY,1967,FIRST ROUND PROPER,8.0
CHESHAM UNITED,1967,FIRST ROUND PROPER,8.0
ENFIELD,1967,FIRST ROUND PROPER,8.0
FOLKESTONE,1967,FIRST ROUND PROPER,8.0
GAINSBOROUGH TRINITY,1967,FIRST ROUND PROPER,8.0
GRANTHAM TOWN,1967,FIRST ROUND PROPER,8.0
HENDON,1967,FIRST ROUND PROPER,8.0
HEREFORD UNITED,1967,FIRST ROUND PROPER,8.0
HORSHAM,1967,FIRST ROUND PROPER,8.0
LOWESTOFT TOWN,1967,FIRST ROUND PROPER,8.0
MORECAMBE,1967,FIRST ROUND PROPER,8.0
NUNEATON TOWN,1967,FIRST ROUND PROPER,8.0
OXFORD CITY,1967,FIRST ROUND PROPER,8.0
POOLE TOWN,1967,FIRST ROUND PROPER,8.0
SOUTH SHIELDS,1967,FIRST ROUND PROPER,8.0
ST NEOTS TOWN,1967,FIRST ROUND PROPER,8.0
SUTTON UNITED,1967,FIRST ROUND PROPER,8.0
TAMWORTH,1967,FIRST ROUND PROPER,8.0
WEALDSTONE,1967,FIRST ROUND PROPER,8.0
WELTON ROVERS,1967,FIRST ROUND PROPER,8.0
WIGAN ATHLETIC,1967,FIRST ROUND PROPER,8.0
WIMBLEDON,1967,FIRST ROUND PROPER,8.0
WITTON ALBION,1967,FIRST ROUND PROPER,8.0
WYCOMBE WANDERERS,1967,FIRST ROUND PROPER,8.0
YEOVIL TOWN,1967,FIRST ROUND PROPER,8.0
ALTRINCHAM,1968,FIRST ROUND PROPER,8.0
ARNOLD,1968,FIRST ROUND PROPER,8.0
BARNET,1968,FIRST ROUND PROPER,8.0
BOSTON UNITED,1968,FIRST ROUND PROPER,8.0
CHELMSFORD CITY,1968,FIRST ROUND PROPER,8.0
COLLIERY WELFARE,1968,FIRST ROUND PROPER,8.0
CORBY TOWN,1968,FIRST ROUND PROPER,8.0
DAGENHAM,1968,FIRST ROUND PROPER,8.0
ENFIELD,1968,FIRST ROUND PROPER,8.0
FALMOUTH TOWN,1968,FIRST ROUND PROPER,8.0
GOOLE TOWN,1968,FIRST ROUND PROPER,8.0
GRANTHAM TOWN,1968,FIRST ROUND PROPER,8.0
GUILDFORD CITY,1968,FIRST ROUND PROPER,8.0
HEREFORD UNITED,1968,FIRST ROUND PROPER,8.0
KIDDERMINSTER HARRIERS,1968,FIRST ROUND PROPER,8.0
LEYTONSTONE,1968,FIRST ROUND PROPER,8.0
LOWESTOFT TOWN,1968,FIRST ROUND PROPER,8.0
MACCLESFIELD TOWN,1968,FIRST ROUND PROPER,8.0
MARGATE,1968,FIRST ROUND PROPER,8.0
NUNEATON TOWN,1968,FIRST ROUND PROPER,8.0
OXFORD CITY,1968,FIRST ROUND PROPER,8.0
ROMFORD,1968,FIRST ROUND PROPER,8.0
RUNCORN,1968,FIRST ROUND PROPER,8.0
SALISBURY,1968,FIRST ROUND PROPER,8.0
SKELMERSDALE UNITED,1968,FIRST ROUND PROPER,8.0
SPENNYMOOR UNITED,1968,FIRST ROUND PROPER,8.0
TONBRIDGE ANGELS,1968,FIRST ROUND PROPER,8.0
TOW LAW TOWN,1968,FIRST ROUND PROPER,8.0
WALTHAMSTOW AVENUE,1968,FIRST ROUND PROPER,8.0
WEYMOUTH,1968,FIRST ROUND PROPER,8.0
WIMBLEDON,1968,FIRST ROUND PROPER,8.0
YEOVIL TOWN,1968,FIRST ROUND PROPER,8.0
ALTRINCHAM,1969,FIRST ROUND PROPER,8.0
BANGOR CITY,1969,FIRST ROUND PROPER,8.0
BARNET,1969,FIRST ROUND PROPER,8.0
BILSTON,1969,FIRST ROUND PROPER,8.0
BRENTWOOD TOWN,1969,FIRST ROUND PROPER,8.0
BURY TOWN,1969,FIRST ROUND PROPER,8.0
CANTERBURY CITY,1969,FIRST ROUND PROPER,8.0
CHELMSFORD CITY,1969,FIRST ROUND PROPER,8.0
CHELTENHAM TOWN,1969,FIRST ROUND PROPER,8.0
CHESHAM UNITED,1969,FIRST ROUND PROPER,8.0
DARTFORD,1969,FIRST ROUND PROPER,8.0
GOOLE TOWN,1969,FIRST ROUND PROPER,8.0
GRANTHAM TOWN,1969,FIRST ROUND PROPER,8.0
HEREFORD UNITED,1969,FIRST ROUND PROPER,8.0
KETTERING TOWN,1969,FIRST ROUND PROPER,8.0
KIDDERMINSTER HARRIERS,1969,FIRST ROUND PROPER,8.0
KING'S LYNN,1969,FIRST ROUND PROPER,8.0
LEYTONSTONE,1969,FIRST ROUND PROPER,8.0
MACCLESFIELD TOWN,1969,FIRST ROUND PROPER,8.0
MARGATE,1969,FIRST ROUND PROPER,8.0
MORECAMBE,1969,FIRST ROUND PROPER,8.0
OXFORD CITY,1969,FIRST ROUND PROPER,8.0
SKELMERSDALE UNITED,1969,FIRST ROUND PROPER,8.0
SOUTH SHIELDS,1969,FIRST ROUND PROPER,8.0
ST ALBANS CITY,1969,FIRST ROUND PROPER,8.0
TOW LAW TOWN,1969,FIRST ROUND PROPER,8.0
WARE,1969,FIRST ROUND PROPER,8.0
WATERLOOVILLE,1969,FIRST ROUND PROPER,8.0
WEALDSTONE,1969,FIRST ROUND PROPER,8.0
WEYMOUTH,1969,FIRST ROUND PROPER,8.0
WOKING,1969,FIRST ROUND PROPER,8.0
YEOVIL TOWN,1969,FIRST ROUND PROPER,8.0
ALFRETON TOWN,1970,FIRST ROUND PROPER,8.0
BANGOR CITY,1970,FIRST ROUND PROPER,8.0
BARNET,1970,FIRST ROUND PROPER,8.0
BRENTWOOD TOWN,1970,FIRST ROUND PROPER,8.0
CARSHALTON ATHLETIC,1970,FIRST ROUND PROPER,8.0
CHELMSFORD CITY,1970,FIRST ROUND PROPER,8.0
CHELTENHAM TOWN,1970,FIRST ROUND PROPER,8.0
DAGENHAM,1970,FIRST ROUND PROPER,8.0
ENFIELD,1970,FIRST ROUND PROPER,8.0
FALMOUTH TOWN,1970,FIRST ROUND PROPER,8.0
GRANTHAM TOWN,1970,FIRST ROUND PROPER,8.0
HENDON,1970,FIRST ROUND PROPER,8.0
HEREFORD UNITED,1970,FIRST ROUND PROPER,8.0
HILLINGDON BOROUGH,1970,FIRST ROUND PROPER,8.0
KETTERING TOWN,1970,FIRST ROUND PROPER,8.0
KIRKBY TOWN,1970,FIRST ROUND PROPER,8.0
MACCLESFIELD TOWN,1970,FIRST ROUND PROPER,8.0
MARGATE,1970,FIRST ROUND PROPER,8.0
MOSSLEY,1970,FIRST ROUND PROPER,8.0
NORTH SHIELDS,1970,FIRST ROUND PROPER,8.0
OXFORD CITY,1970,FIRST ROUND PROPER,8.0
SOUTH SHIELDS,1970,FIRST ROUND PROPER,8.0
SPENNYMOOR UNITED,1970,FIRST ROUND PROPER,8.0
SUTTON UNITED,1970,FIRST ROUND PROPER,8.0
TAMWORTH,1970,FIRST ROUND PROPER,8.0
TELFORD UNITED,1970,FIRST ROUND PROPER,8.0
WALTON & HERSHAM,1970,FIRST ROUND PROPER,8.0
WEYMOUTH,1970,FIRST ROUND PROPER,8.0
WHITBY TOWN,1970,FIRST ROUND PROPER,8.0
WIGAN ATHLETIC,1970,FIRST ROUND PROPER,8.0
WIMBLEDON,1970,FIRST ROUND PROPER,8.0
YEOVIL TOWN,1970,FIRST ROUND PROPER,8.0
AVELEY,1971,FIRST ROUND PROPER,8.0
BANGOR CITY,1971,FIRST ROUND PROPER,8.0
BARNET,1971,FIRST ROUND PROPER,8.0
BISHOP'S STORTFORD,1971,FIRST ROUND PROPER,8.0
BOSTON UNITED,1971,FIRST ROUND PROPER,8.0
BRADFORD PARK AVENUE,1971,FIRST ROUND PROPER,8.0
CHELMSFORD CITY,1971,FIRST ROUND PROPER,8.0
CHELTENHAM TOWN,1971,FIRST ROUND PROPER,8.0
CRAWLEY TOWN,1971,FIRST ROUND PROPER,8.0
DAGENHAM,1971,FIRST ROUND PROPER,8.0
ENFIELD,1971,FIRST ROUND PROPER,8.0
GRANTHAM TOWN,1971,FIRST ROUND PROPER,8.0
GREAT HARWOOD,1971,FIRST ROUND PROPER,8.0
HENDON,1971,FIRST ROUND PROPER,8.0
HEREFORD UNITED,1971,FIRST ROUND PROPER,8.0
MACCLESFIELD TOWN,1971,FIRST ROUND PROPER,8.0
MARGATE,1971,FIRST ROUND PROPER,8.0
MINEHEAD,1971,FIRST ROUND PROPER,8.0
OXFORD CITY,1971,FIRST ROUND PROPER,8.0
RHYL,1971,FIRST ROUND PROPER,8.0
RINGMER,1971,FIRST ROUND PROPER,8.0
SCARBOROUGH,1971,FIRST ROUND PROPER,8.0
SLOUGH TOWN,1971,FIRST ROUND PROPER,8.0
SOUTH SHIELDS,1971,FIRST ROUND PROPER,8.0
TAMWORTH,1971,FIRST ROUND PROPER,8.0
TELFORD UNITED,1971,FIRST ROUND PROPER,8.0
WALTON & HERSHAM,1971,FIRST ROUND PROPER,8.0
WEYMOUTH,1971,FIRST ROUND PROPER,8.0
WIGAN ATHLETIC,1971,FIRST ROUND PROPER,8.0
WIMBLEDON,1971,FIRST ROUND PROPER,8.0
WYCOMBE WANDERERS,1971,FIRST ROUND PROPER,8.0
YEOVIL TOWN,1971,FIRST ROUND PROPER,8.0
ALTRINCHAM,1972,FIRST ROUND PROPER,8.0
ALVECHURCH,1972,FIRST ROUND PROPER,8.0
BANGOR CITY,1972,FIRST ROUND PROPER,8.0
BARNET,1972,FIRST ROUND PROPER,8.0
BASINGSTOKE TOWN,1972,FIRST ROUND PROPER,8.0
BLYTH SPARTANS,1972,FIRST ROUND PROPER,8.0
BOSTON UNITED,1972,FIRST ROUND PROPER,8.0
BRIDGWATER TOWN,1972,FIRST ROUND PROPER,8.0
CRAWLEY TOWN,1972,FIRST ROUND PROPER,8.0
DAGENHAM,1972,FIRST ROUND PROPER,8.0
DOVER,1972,FIRST ROUND PROPER,8.0
ELLESMERE PORT TOWN,1972,FIRST ROUND PROPER,8.0
ENFIELD,1972,FIRST ROUND PROPER,8.0
FRICKLEY COLLIERY,1972,FIRST ROUND PROPER,8.0
GUILDFORD CITY,1972,FIRST ROUND PROPER,8.0
HEREFORD UNITED,1972,FIRST ROUND PROPER,8.0
HILLINGDON BOROUGH,1972,FIRST ROUND PROPER,8.0
KETTERING TOWN,1972,FIRST ROUND PROPER,8.0
KING'S LYNN,1972,FIRST ROUND PROPER,8.0
MAIDENHEAD UNITED,1972,FIRST ROUND PROPER,8.0
MARGATE,1972,FIRST ROUND PROPER,8.0
NUNEATON TOWN,1972,FIRST ROUND PROPER,8.0
REDDITCH UNITED,1972,FIRST ROUND PROPER,8.0
ROMFORD,1972,FIRST ROUND PROPER,8.0
ROSSENDALE UNITED,1972,FIRST ROUND PROPER,8.0
SCARBOROUGH,1972,FIRST ROUND PROPER,8.0
SKELMERSDALE UNITED,1972,FIRST ROUND PROPER,8.0
SOUTH SHIELDS,1972,FIRST ROUND PROPER,8.0
TELFORD UNITED,1972,FIRST ROUND PROPER,8.0
WEYMOUTH,1972,FIRST ROUND PROPER,8.0
WIGAN ATHLETIC,1972,FIRST ROUND PROPER,8.0
WITNEY UNITED,1972,FIRST ROUND PROPER,8.0
ALTON TOWN,1973,FIRST ROUND PROPER,8.0
ALTRINCHAM,1973,FIRST ROUND PROPER,8.0
BANBURY UNITED,1973,FIRST ROUND PROPER,8.0
BANGOR CITY,1973,FIRST ROUND PROPER,8.0
BARNET,1973,FIRST ROUND PROPER,8.0
BARNSTAPLE TOWN,1973,FIRST ROUND PROPER,8.0
BILSTON,1973,FIRST ROUND PROPER,8.0
BISHOP'S STORTFORD,1973,FIRST ROUND PROPER,8.0
BOGNOR REGIS TOWN,1973,FIRST ROUND PROPER,8.0
BOSTON UNITED,1973,FIRST ROUND PROPER,8.0
CHELMSFORD CITY,1973,FIRST ROUND PROPER,8.0
ENFIELD,1973,FIRST ROUND PROPER,8.0
GRANTHAM TOWN,1973,FIRST ROUND PROPER,8.0
GUILDFORD CITY,1973,FIRST ROUND PROPER,8.0
HAYES & YEADING UNITED,1973,FIRST ROUND PROPER,8.0
HENDON,1973,FIRST ROUND PROPER,8.0
HILLINGDON BOROUGH,1973,FIRST ROUND PROPER,8.0
KETTERING TOWN,1973,FIRST ROUND PROPER,8.0
LANCASTER CITY,1973,FIRST ROUND PROPER,8.0
MARGATE,1973,FIRST ROUND PROPER,8.0
NUNEATON TOWN,1973,FIRST ROUND PROPER,8.0
RHYL,1973,FIRST ROUND PROPER,8.0
SCARBOROUGH,1973,FIRST ROUND PROPER,8.0
SOUTH LIVERPOOL,1973,FIRST ROUND PROPER,8.0
SOUTH SHIELDS,1973,FIRST ROUND PROPER,8.0
SPENNYMOOR UNITED,1973,FIRST ROUND PROPER,8.0
STAFFORD RANGERS,1973,FIRST ROUND PROPER,8.0
TELFORD UNITED,1973,FIRST ROUND PROPER,8.0
TONBRIDGE ANGELS,1973,FIRST ROUND PROPER,8.0
WALTON & HERSHAM,1973,FIRST ROUND PROPER,8.0
WIGAN ATHLETIC,1973,FIRST ROUND PROPER,8.0
YEOVIL TOWN,1973,FIRST ROUND PROPER,8.0
ALFRETON TOWN,1974,FIRST ROUND PROPER,8.0
ALTRINCHAM,1974,FIRST ROUND PROPER,8.0
ALVECHURCH,1974,FIRST ROUND PROPER,8.0
BANBURY UNITED,1974,FIRST ROUND PROPER,8.0
BIDEFORD,1974,FIRST ROUND PROPER,8.0
BLYTH SPARTANS,1974,FIRST ROUND PROPER,8.0
BOREHAM WOOD,1974,FIRST ROUND PROPER,8.0
BOSTON UNITED,1974,FIRST ROUND PROPER,8.0
CHELMSFORD CITY,1974,FIRST ROUND PROPER,8.0
DAGENHAM,1974,FIRST ROUND PROPER,8.0
FORMBY,1974,FIRST ROUND PROPER,8.0
FRICKLEY COLLIERY,1974,FIRST ROUND PROPER,8.0
GRANTHAM TOWN,1974,FIRST ROUND PROPER,8.0
GUILDFORD CITY,1974,FIRST ROUND PROPER,8.0
HAYES & YEADING UNITED,1974,FIRST ROUND PROPER,8.0
HENDON,1974,FIRST ROUND PROPER,8.0
HILLINGDON BOROUGH,1974,FIRST ROUND PROPER,8.0
HITCHIN TOWN,1974,FIRST ROUND PROPER,8.0
KING'S LYNN,1974,FIRST ROUND PROPER,8.0
LEYTONSTONE,1974,FIRST ROUND PROPER,8.0
MERTHYR TOWN,1974,FIRST ROUND PROPER,8.0
RUNCORN,1974,FIRST ROUND PROPER,8.0
SCARBOROUGH,1974,FIRST ROUND PROPER,8.0
SLOUGH TOWN,1974,FIRST ROUND PROPER,8.0
SOUTH SHIELDS,1974,FIRST ROUND PROPER,8.0
TELFORD UNITED,1974,FIRST ROUND PROPER,8.0
WALTON & HERSHAM,1974,FIRST ROUND PROPER,8.0
WEYMOUTH,1974,FIRST ROUND PROPER,8.0
WIGAN ATHLETIC,1974,FIRST ROUND PROPER,8.0
WILLINGTON,1974,FIRST ROUND PROPER,8.0
WIMBLEDON,1974,FIRST ROUND PROPER,8.0
WYCOMBE WANDERERS,1974,FIRST ROUND PROPER,8.0
ALTRINCHAM,1975,FIRST ROUND PROPER,8.0
AP LEAMINGTON,1975,FIRST ROUND PROPER,8.0
ASHFORD TOWN,1975,FIRST ROUND PROPER,8.0
BATH CITY,1975,FIRST ROUND PROPER,8.0
BISHOP AUCKLAND,1975,FIRST ROUND PROPER,8.0
BISHOP'S STORTFORD,1975,FIRST ROUND PROPER,8.0
BLYTH SPARTANS,1975,FIRST ROUND PROPER,8.0
BOSTON UNITED,1975,FIRST ROUND PROPER,8.0
CHELMSFORD CITY,1975,FIRST ROUND PROPER,8.0
CHELTENHAM TOWN,1975,FIRST ROUND PROPER,8.0
DARTFORD,1975,FIRST ROUND PROPER,8.0
FARSLEY CELTIC,1975,FIRST ROUND PROPER,8.0
GATESHEAD UNITED,1975,FIRST ROUND PROPER,8.0
HITCHIN TOWN,1975,FIRST ROUND PROPER,8.0
ILFORD,1975,FIRST ROUND PROPER,8.0
KETTERING TOWN,1975,FIRST ROUND PROPER,8.0
LEATHERHEAD,1975,FIRST ROUND PROPER,8.0
MAIDSTONE UNITED,1975,FIRST ROUND PROPER,8.0
MARINE,1975,FIRST ROUND PROPER,8.0
MATLOCK TOWN,1975,FIRST ROUND PROPER,8.0
MORECAMBE,1975,FIRST ROUND PROPER,8.0
NUNEATON TOWN,1975,FIRST ROUND PROPER,8.0
OSWESTRY TOWN,1975,FIRST ROUND PROPER,8.0
ROMFORD,1975,FIRST ROUND PROPER,8.0
SLOUGH TOWN,1975,FIRST ROUND PROPER,8.0
SOUTHWICK,1975,FIRST ROUND PROPER,8.0
STAFFORD RANGERS,1975,FIRST ROUND PROPER,8.0
TOOTING & MITCHAM UNITED,1975,FIRST ROUND PROPER,8.0
WEYMOUTH,1975,FIRST ROUND PROPER,8.0
WIGAN ATHLETIC,1975,FIRST ROUND PROPER,8.0
WIMBLEDON,1975,FIRST ROUND PROPER,8.0
WYCOMBE WANDERERS,1975,FIRST ROUND PROPER,8.0
ALTRINCHAM,1976,FIRST ROUND PROPER,8.0
AP LEAMINGTON,1976,FIRST ROUND PROPER,8.0
BEDFORD TOWN,1976,FIRST ROUND PROPER,8.0
BISHOP'S STORTFORD,1976,FIRST ROUND PROPER,8.0
BOSTON UNITED,1976,FIRST ROUND PROPER,8.0
COVENTRY SPORTING,1976,FIRST ROUND PROPER,8.0
DARTFORD,1976,FIRST ROUND PROPER,8.0
DOVER,1976,FIRST ROUND PROPER,8.0
GATESHEAD UNITED,1976,FIRST ROUND PROPER,8.0
GRANTHAM TOWN,1976,FIRST ROUND PROPER,8.0
HENDON,1976,FIRST ROUND PROPER,8.0
LEATHERHEAD,1976,FIRST ROUND PROPER,8.0
MACCLESFIELD TOWN,1976,FIRST ROUND PROPER,8.0
MARINE,1976,FIRST ROUND PROPER,8.0
MATLOCK TOWN,1976,FIRST ROUND PROPER,8.0
MORECAMBE,1976,FIRST ROUND PROPER,8.0
NUNEATON TOWN,1976,FIRST ROUND PROPER,8.0
ROMFORD,1976,FIRST ROUND PROPER,8.0
ROSSENDALE UNITED,1976,FIRST ROUND PROPER,8.0
SCARBOROUGH,1976,FIRST ROUND PROPER,8.0
SPENNYMOOR UNITED,1976,FIRST ROUND PROPER,8.0
STAFFORD RANGERS,1976,FIRST ROUND PROPER,8.0
SUTTON UNITED,1976,FIRST ROUND PROPER,8.0
TOOTING & MITCHAM UNITED,1976,FIRST ROUND PROPER,8.0
WALTON & HERSHAM,1976,FIRST ROUND PROPER,8.0
WEALDSTONE,1976,FIRST ROUND PROPER,8.0
WEYMOUTH,1976,FIRST ROUND PROPER,8.0
WIGAN ATHLETIC,1976,FIRST ROUND PROPER,8.0
WIMBLEDON,1976,FIRST ROUND PROPER,8.0
WINSFORD UNITED,1976,FIRST ROUND PROPER,8.0
WYCOMBE WANDERERS,1976,FIRST ROUND PROPER,8.0
YEOVIL TOWN,1976,FIRST ROUND PROPER,8.0
ALTRINCHAM,1977,FIRST ROUND PROPER,8.0
BARROW,1977,FIRST ROUND PROPER,8.0
BOSTON,1977,FIRST ROUND PROPER,8.0
BROMLEY,1977,FIRST ROUND PROPER,8.0
CHESHAM UNITED,1977,FIRST ROUND PROPER,8.0
CROOK TOWN,1977,FIRST ROUND PROPER,8.0
DARTFORD,1977,FIRST ROUND PROPER,8.0
DROYLSDEN,1977,FIRST ROUND PROPER,8.0
DUDLEY TOWN,1977,FIRST ROUND PROPER,8.0
ENFIELD,1977,FIRST ROUND PROPER,8.0
GATESHEAD UNITED,1977,FIRST ROUND PROPER,8.0
GOOLE TOWN,1977,FIRST ROUND PROPER,8.0
HARWICH & PARKESTON,1977,FIRST ROUND PROPER,8.0
HILLINGDON BOROUGH,1977,FIRST ROUND PROPER,8.0
HITCHIN TOWN,1977,FIRST ROUND PROPER,8.0
KETTERING TOWN,1977,FIRST ROUND PROPER,8.0
LEATHERHEAD,1977,FIRST ROUND PROPER,8.0
MATLOCK TOWN,1977,FIRST ROUND PROPER,8.0
MINEHEAD,1977,FIRST ROUND PROPER,8.0
MORECAMBE,1977,FIRST ROUND PROPER,8.0
NORTHWICH VICTORIA,1977,FIRST ROUND PROPER,8.0
NUNEATON TOWN,1977,FIRST ROUND PROPER,8.0
SCARBOROUGH,1977,FIRST ROUND PROPER,8.0
STAFFORD RANGERS,1977,FIRST ROUND PROPER,8.0
TOOTING & MITCHAM UNITED,1977,FIRST ROUND PROPER,8.0
WATERLOOVILLE,1977,FIRST ROUND PROPER,8.0
WEALDSTONE,1977,FIRST ROUND PROPER,8.0
WEYMOUTH,1977,FIRST ROUND PROPER,8.0
WIGAN ATHLETIC,1977,FIRST ROUND PROPER,8.0
WIMBLEDON,1977,FIRST ROUND PROPER,8.0
WOKING,1977,FIRST ROUND PROPER,8.0
WYCOMBE WANDERERS,1977,FIRST ROUND PROPER,8.0
AP LEAMINGTON,1978,FIRST ROUND PROPER,8.0
ARNOLD,1978,FIRST ROUND PROPER,8.0
BARNET,1978,FIRST ROUND PROPER,8.0
BATH CITY,1978,FIRST ROUND PROPER,8.0
BIDEFORD,1978,FIRST ROUND PROPER,8.0
BLYTH SPARTANS,1978,FIRST ROUND PROPER,8.0
BOREHAM WOOD,1978,FIRST ROUND PROPER,8.0
BURSCOUGH,1978,FIRST ROUND PROPER,8.0
BURTON ALBION,1978,FIRST ROUND PROPER,8.0
DAGENHAM,1978,FIRST ROUND PROPER,8.0
ENDERBY TOWN,1978,FIRST ROUND PROPER,8.0
ENFIELD,1978,FIRST ROUND PROPER,8.0
FOLKESTONE & SHEPWAY,1978,FIRST ROUND PROPER,8.0
GOOLE TOWN,1978,FIRST ROUND PROPER,8.0
HENDON,1978,FIRST ROUND PROPER,8.0
KETTERING TOWN,1978,FIRST ROUND PROPER,8.0
LEATHERHEAD,1978,FIRST ROUND PROPER,8.0
LOWESTOFT TOWN,1978,FIRST ROUND PROPER,8.0
MINEHEAD,1978,FIRST ROUND PROPER,8.0
MOSSLEY,1978,FIRST ROUND PROPER,8.0
NUNEATON TOWN,1978,FIRST ROUND PROPER,8.0
RUNCORN,1978,FIRST ROUND PROPER,8.0
SCARBOROUGH,1978,FIRST ROUND PROPER,8.0
SPENNYMOOR UNITED,1978,FIRST ROUND PROPER,8.0
STAFFORD RANGERS,1978,FIRST ROUND PROPER,8.0
TILBURY,1978,FIRST ROUND PROPER,8.0
TOOTING & MITCHAM UNITED,1978,FIRST ROUND PROPER,8.0
WEALDSTONE,1978,FIRST ROUND PROPER,8.0
WEYMOUTH,1978,FIRST ROUND PROPER,8.0
WIGAN ATHLETIC,1978,FIRST ROUND PROPER,8.0
WORKINGTON,1978,FIRST ROUND PROPER,8.0
WYCOMBE WANDERERS,1978,FIRST ROUND PROPER,8.0
ALTRINCHAM,1979,FIRST ROUND PROPER,8.0
AP LEAMINGTON,1979,FIRST ROUND PROPER,8.0
BARKING,1979,FIRST ROUND PROPER,8.0
BARNET,1979,FIRST ROUND PROPER,8.0
BLYTH SPARTANS,1979,FIRST ROUND PROPER,8.0
BOSTON UNITED,1979,FIRST ROUND PROPER,8.0
CHORLEY,1979,FIRST ROUND PROPER,8.0
DAGENHAM,1979,FIRST ROUND PROPER,8.0
DARTFORD,1979,FIRST ROUND PROPER,8.0
DROYLSDEN,1979,FIRST ROUND PROPER,8.0
EBBSFLEET UNITED,1979,FIRST ROUND PROPER,8.0
ENFIELD,1979,FIRST ROUND PROPER,8.0
HILLINGDON BOROUGH,1979,FIRST ROUND PROPER,8.0
HITCHIN TOWN,1979,FIRST ROUND PROPER,8.0
LEATHERHEAD,1979,FIRST ROUND PROPER,8.0
MAIDSTONE UNITED,1979,FIRST ROUND PROPER,8.0
MARCH TOWN UNITED,1979,FIRST ROUND PROPER,8.0
MERTHYR TOWN,1979,FIRST ROUND PROPER,8.0
MORECAMBE,1979,FIRST ROUND PROPER,8.0
NUNEATON TOWN,1979,FIRST ROUND PROPER,8.0
RUNCORN,1979,FIRST ROUND PROPER,8.0
SCARBOROUGH,1979,FIRST ROUND PROPER,8.0
SOUTHPORT,1979,FIRST ROUND PROPER,8.0
STAFFORD RANGERS,1979,FIRST ROUND PROPER,8.0
WEALDSTONE,1979,FIRST ROUND PROPER,8.0
WEYMOUTH,1979,FIRST ROUND PROPER,8.0
WOKING,1979,FIRST ROUND PROPER,8.0
WORCESTER CITY,1979,FIRST ROUND PROPER,8.0
WORKINGTON,1979,FIRST ROUND PROPER,8.0
WORKSOP TOWN,1979,FIRST ROUND PROPER,8.0
WYCOMBE WANDERERS,1979,FIRST ROUND PROPER,8.0
YEOVIL TOWN,1979,FIRST ROUND PROPER,8.0
ALTRINCHAM,1980,FIRST ROUND PROPER,8.0
AP LEAMINGTON,1980,FIRST ROUND PROPER,8.0
BARKING,1980,FIRST ROUND PROPER,8.0
BLYTH SPARTANS,1980,FIRST ROUND PROPER,8.0
BRANDON UNITED,1980,FIRST ROUND PROPER,8.0
BURSCOUGH,1980,FIRST ROUND PROPER,8.0
BURTON ALBION,1980,FIRST ROUND PROPER,8.0
CHESHAM UNITED,1980,FIRST ROUND PROPER,8.0
CROYDON,1980,FIRST ROUND PROPER,8.0
EBBSFLEET UNITED,1980,FIRST ROUND PROPER,8.0
ENFIELD,1980,FIRST ROUND PROPER,8.0
FAREHAM TOWN,1980,FIRST ROUND PROPER,8.0
HARLOW TOWN,1980,FIRST ROUND PROPER,8.0
HUNGERFORD TOWN,1980,FIRST ROUND PROPER,8.0
KETTERING TOWN,1980,FIRST ROUND PROPER,8.0
KIDDERMINSTER HARRIERS,1980,FIRST ROUND PROPER,8.0
LEYTONSTONE/ILFORD,1980,FIRST ROUND PROPER,8.0
MERTHYR TOWN,1980,FIRST ROUND PROPER,8.0
MINEHEAD,1980,FIRST ROUND PROPER,8.0
MORECAMBE,1980,FIRST ROUND PROPER,8.0
MOSSLEY,1980,FIRST ROUND PROPER,8.0
NORTHWICH VICTORIA,1980,FIRST ROUND PROPER,8.0
NUNEATON TOWN,1980,FIRST ROUND PROPER,8.0
SALISBURY,1980,FIRST ROUND PROPER,8.0
SCARBOROUGH,1980,FIRST ROUND PROPER,8.0
SLOUGH TOWN,1980,FIRST ROUND PROPER,8.0
SOLIHULL MOORS,1980,FIRST ROUND PROPER,8.0
STAFFORD RANGERS,1980,FIRST ROUND PROPER,8.0
WEALDSTONE,1980,FIRST ROUND PROPER,8.0
WORKINGTON,1980,FIRST ROUND PROPER,8.0
WYCOMBE WANDERERS,1980,FIRST ROUND PROPER,8.0
YEOVIL TOWN,1980,FIRST ROUND PROPER,8.0
ADDLESTONE & WEYBRIDGE T,1981,FIRST ROUND PROPER,8.0
ALTRINCHAM,1981,FIRST ROUND PROPER,8.0
BARNET,1981,FIRST ROUND PROPER,8.0
BARTON ROVERS,1981,FIRST ROUND PROPER,8.0
BLYTH SPARTANS,1981,FIRST ROUND PROPER,8.0
BOSTON UNITED,1981,FIRST ROUND PROPER,8.0
BURSCOUGH,1981,FIRST ROUND PROPER,8.0
BURTON ALBION,1981,FIRST ROUND PROPER,8.0
DAGENHAM,1981,FIRST ROUND PROPER,8.0
EBBSFLEET UNITED,1981,FIRST ROUND PROPER,8.0
ENFIELD,1981,FIRST ROUND PROPER,8.0
FARNBOROUGH,1981,FIRST ROUND PROPER,8.0
FLEETWOOD TOWN,1981,FIRST ROUND PROPER,8.0
GATESHEAD,1981,FIRST ROUND PROPER,8.0
HARLOW TOWN,1981,FIRST ROUND PROPER,8.0
KETTERING TOWN,1981,FIRST ROUND PROPER,8.0
KIDDERMINSTER HARRIERS,1981,FIRST ROUND PROPER,8.0
LEATHERHEAD,1981,FIRST ROUND PROPER,8.0
MAIDSTONE UNITED,1981,FIRST ROUND PROPER,8.0
MINEHEAD,1981,FIRST ROUND PROPER,8.0
MOSSLEY,1981,FIRST ROUND PROPER,8.0
NORTHWICH VICTORIA,1981,FIRST ROUND PROPER,8.0
SCARBOROUGH,1981,FIRST ROUND PROPER,8.0
ST ALBANS CITY,1981,FIRST ROUND PROPER,8.0
STAFFORD RANGERS,1981,FIRST ROUND PROPER,8.0
SUTTON COLDFIELD TOWN,1981,FIRST ROUND PROPER,8.0
WEMBLEY,1981,FIRST ROUND PROPER,8.0
WEYMOUTH,1981,FIRST ROUND PROPER,8.0
WINDSOR & ETON,1981,FIRST ROUND PROPER,8.0
WORKINGTON,1981,FIRST ROUND PROPER,8.0
WYCOMBE WANDERERS,1981,FIRST ROUND PROPER,8.0
YEOVIL TOWN,1981,FIRST ROUND PROPER,8.0
ALTRINCHAM,1982,FIRST ROUND PROPER,8.0
BARKING,1982,FIRST ROUND PROPER,8.0
BARNET,1982,FIRST ROUND PROPER,8.0
BEDFORD TOWN,1982,FIRST ROUND PROPER,8.0
BIDEFORD,1982,FIRST ROUND PROPER,8.0
BISHOP AUCKLAND,1982,FIRST ROUND PROPER,8.0
BISHOP'S STORTFORD,1982,FIRST ROUND PROPER,8.0
BLYTH SPARTANS,1982,FIRST ROUND PROPER,8.0
BOSTON UNITED,1982,FIRST ROUND PROPER,8.0
DAGENHAM,1982,FIRST ROUND PROPER,8.0
DORCHESTER TOWN,1982,FIRST ROUND PROPER,8.0
DOVER,1982,FIRST ROUND PROPER,8.0
ENFIELD,1982,FIRST ROUND PROPER,8.0
HARLOW TOWN,1982,FIRST ROUND PROPER,8.0
HASTINGS UNITED,1982,FIRST ROUND PROPER,8.0
HENDON,1982,FIRST ROUND PROPER,8.0
HORDEN CW,1982,FIRST ROUND PROPER,8.0
KETTERING TOWN,1982,FIRST ROUND PROPER,8.0
LEYTONSTONE/ILFORD,1982,FIRST ROUND PROPER,8.0
MINEHEAD,1982,FIRST ROUND PROPER,8.0
MOSSLEY,1982,FIRST ROUND PROPER,8.0
NUNEATON TOWN,1982,FIRST ROUND PROPER,8.0
PENRITH,1982,FIRST ROUND PROPER,8.0
RUNCORN,1982,FIRST ROUND PROPER,8.0
STAFFORD RANGERS,1982,FIRST ROUND PROPER,8.0
SUTTON UNITED,1982,FIRST ROUND PROPER,8.0
TAUNTON TOWN,1982,FIRST ROUND PROPER,8.0
WEYMOUTH,1982,FIRST ROUND PROPER,8.0
WILLENHALL TOWN,1982,FIRST ROUND PROPER,8.0
WORKINGTON,1982,FIRST ROUND PROPER,8.0
WYCOMBE WANDERERS,1982,FIRST ROUND PROPER,8.0
YEOVIL TOWN,1982,FIRST ROUND PROPER,8.0
ALTRINCHAM,1983,FIRST ROUND PROPER,8.0
BARNET,1983,FIRST ROUND PROPER,8.0
BISHOP'S STORTFORD,1983,FIRST ROUND PROPER,8.0
BOSTON UNITED,1983,FIRST ROUND PROPER,8.0
CARSHALTON ATHLETIC,1983,FIRST ROUND PROPER,8.0
CHESHAM UNITED,1983,FIRST ROUND PROPER,8.0
DAGENHAM,1983,FIRST ROUND PROPER,8.0
DARTFORD,1983,FIRST ROUND PROPER,8.0
ENFIELD,1983,FIRST ROUND PROPER,8.0
FOLKESTONE,1983,FIRST ROUND PROPER,8.0
HOLBEACH UNITED,1983,FIRST ROUND PROPER,8.0
HORWICH RMI,1983,FIRST ROUND PROPER,8.0
KETTERING TOWN,1983,FIRST ROUND PROPER,8.0
MACCLESFIELD TOWN,1983,FIRST ROUND PROPER,8.0
MAIDSTONE UNITED,1983,FIRST ROUND PROPER,8.0
MOSSLEY,1983,FIRST ROUND PROPER,8.0
NORTH SHIELDS,1983,FIRST ROUND PROPER,8.0
NORTHWICH VICTORIA,1983,FIRST ROUND PROPER,8.0
SCARBOROUGH,1983,FIRST ROUND PROPER,8.0
SHEPSHED CHARTERHOUSE,1983,FIRST ROUND PROPER,8.0
SLOUGH TOWN,1983,FIRST ROUND PROPER,8.0
TELFORD UNITED,1983,FIRST ROUND PROPER,8.0
WEALDSTONE,1983,FIRST ROUND PROPER,8.0
WEYMOUTH,1983,FIRST ROUND PROPER,8.0
WIMBORNE TOWN,1983,FIRST ROUND PROPER,8.0
WINDSOR & ETON,1983,FIRST ROUND PROPER,8.0
WOKINGHAM TOWN,1983,FIRST ROUND PROPER,8.0
WORCESTER CITY,1983,FIRST ROUND PROPER,8.0
WORKINGTON,1983,FIRST ROUND PROPER,8.0
WORTHING,1983,FIRST ROUND PROPER,8.0
WYCOMBE WANDERERS,1983,FIRST ROUND PROPER,8.0
YEOVIL TOWN,1983,FIRST ROUND PROPER,8.0
ALTRINCHAM,1984,FIRST ROUND PROPER,8.0
AP LEAMINGTON,1984,FIRST ROUND PROPER,8.0
BANGOR CITY,1984,FIRST ROUND PROPER,8.0
BARKING,1984,FIRST ROUND PROPER,8.0
BARNET,1984,FIRST ROUND PROPER,8.0
BOSTON UNITED,1984,FIRST ROUND PROPER,8.0
BURTON ALBION,1984,FIRST ROUND PROPER,8.0
CHELMSFORD CITY,1984,FIRST ROUND PROPER,8.0
CORINTHIAN CASUALS,1984,FIRST ROUND PROPER,8.0
DAGENHAM,1984,FIRST ROUND PROPER,8.0
DARTFORD,1984,FIRST ROUND PROPER,8.0
ENFIELD,1984,FIRST ROUND PROPER,8.0
FARNBOROUGH,1984,FIRST ROUND PROPER,8.0
FRICKLEY ATHLETIC,1984,FIRST ROUND PROPER,8.0
GAINSBOROUGH TRINITY,1984,FIRST ROUND PROPER,8.0
HARROW BOROUGH,1984,FIRST ROUND PROPER,8.0
HYDE UNITED,1984,FIRST ROUND PROPER,8.0
KETTERING TOWN,1984,FIRST ROUND PROPER,8.0
MACCLESFIELD TOWN,1984,FIRST ROUND PROPER,8.0
MAIDSTONE UNITED,1984,FIRST ROUND PROPER,8.0
MOSSLEY,1984,FIRST ROUND PROPER,8.0
NORTHWICH VICTORIA,1984,FIRST ROUND PROPER,8.0
PENRITH,1984,FIRST ROUND PROPER,8.0
POOLE TOWN,1984,FIRST ROUND PROPER,8.0
TELFORD UNITED,1984,FIRST ROUND PROPER,8.0
WATERLOOVILLE,1984,FIRST ROUND PROPER,8.0
WEALDSTONE,1984,FIRST ROUND PROPER,8.0
WHITBY TOWN,1984,FIRST ROUND PROPER,8.0
WINDSOR & ETON,1984,FIRST ROUND PROPER,8.0
WORCESTER CITY,1984,FIRST ROUND PROPER,8.0
WYCOMBE WANDERERS,1984,FIRST ROUND PROPER,8.0
YEOVIL TOWN,1984,FIRST ROUND PROPER,8.0
ALTRINCHAM,1985,FIRST ROUND PROPER,8.0
BANGOR CITY,1985,FIRST ROUND PROPER,8.0
BARNET,1985,FIRST ROUND PROPER,8.0
BARRY TOWN,1985,FIRST ROUND PROPER,8.0
BISHOP'S STORTFORD,1985,FIRST ROUND PROPER,8.0
BOGNOR REGIS TOWN,1985,FIRST ROUND PROPER,8.0
BUCKINGHAM TOWN,1985,FIRST ROUND PROPER,8.0
BURTON ALBION,1985,FIRST ROUND PROPER,8.0
DAGENHAM,1985,FIRST ROUND PROPER,8.0
DARTFORD,1985,FIRST ROUND PROPER,8.0
ENFIELD,1985,FIRST ROUND PROPER,8.0
FARNBOROUGH,1985,FIRST ROUND PROPER,8.0
FISHER,1985,FIRST ROUND PROPER,8.0
FRICKLEY ATHLETIC,1985,FIRST ROUND PROPER,8.0
GOOLE TOWN,1985,FIRST ROUND PROPER,8.0
KETTERING TOWN,1985,FIRST ROUND PROPER,8.0
KING'S LYNN,1985,FIRST ROUND PROPER,8.0
MACCLESFIELD TOWN,1985,FIRST ROUND PROPER,8.0
METROPOLITAN POLICE,1985,FIRST ROUND PROPER,8.0
NEWCASTLE BLUE STAR,1985,FIRST ROUND PROPER,8.0
NORTHWICH VICTORIA,1985,FIRST ROUND PROPER,8.0
NUNEATON TOWN,1985,FIRST ROUND PROPER,8.0
PENRITH,1985,FIRST ROUND PROPER,8.0
STAINES TOWN,1985,FIRST ROUND PROPER,8.0
STALYBRIDGE CELTIC,1985,FIRST ROUND PROPER,8.0
TELFORD UNITED,1985,FIRST ROUND PROPER,8.0
TOW LAW TOWN,1985,FIRST ROUND PROPER,8.0
V.S. RUGBY,1985,FIRST ROUND PROPER,8.0
WEYMOUTH,1985,FIRST ROUND PROPER,8.0
WHITBY TOWN,1985,FIRST ROUND PROPER,8.0
WINDSOR & ETON,1985,FIRST ROUND PROPER,8.0
YEOVIL TOWN,1985,FIRST ROUND PROPER,8.0
ALTRINCHAM,1986,FIRST ROUND PROPER,8.0
AYLESBURY UNITED,1986,FIRST ROUND PROPER,8.0
BATH CITY,1986,FIRST ROUND PROPER,8.0
BISHOP'S STORTFORD,1986,FIRST ROUND PROPER,8.0
BOGNOR REGIS TOWN,1986,FIRST ROUND PROPER,8.0
BOSTON UNITED,1986,FIRST ROUND PROPER,8.0
CHELMSFORD CITY,1986,FIRST ROUND PROPER,8.0
CHORLEY,1986,FIRST ROUND PROPER,8.0
DAGENHAM,1986,FIRST ROUND PROPER,8.0
DARTFORD,1986,FIRST ROUND PROPER,8.0
ENFIELD,1986,FIRST ROUND PROPER,8.0
FAREHAM TOWN,1986,FIRST ROUND PROPER,8.0
FARNBOROUGH,1986,FIRST ROUND PROPER,8.0
FRICKLEY ATHLETIC,1986,FIRST ROUND PROPER,8.0
HALESOWEN TOWN,1986,FIRST ROUND PROPER,8.0
LEYTON-WINGATE,1986,FIRST ROUND PROPER,8.0
MACCLESFIELD TOWN,1986,FIRST ROUND PROPER,8.0
MAIDSTONE UNITED,1986,FIRST ROUND PROPER,8.0
MORECAMBE,1986,FIRST ROUND PROPER,8.0
NUNEATON TOWN,1986,FIRST ROUND PROPER,8.0
RUNCORN,1986,FIRST ROUND PROPER,8.0
SCARBOROUGH,1986,FIRST ROUND PROPER,8.0
SLOUGH TOWN,1986,FIRST ROUND PROPER,8.0
SOUTH LIVERPOOL,1986,FIRST ROUND PROPER,8.0
TELFORD UNITED,1986,FIRST ROUND PROPER,8.0
V.S. RUGBY,1986,FIRST ROUND PROPER,8.0
WEALDSTONE,1986,FIRST ROUND PROPER,8.0
WEYMOUTH,1986,FIRST ROUND PROPER,8.0
WHITBY TOWN,1986,FIRST ROUND PROPER,8.0
WINDSOR & ETON,1986,FIRST ROUND PROPER,8.0
WYCOMBE WANDERERS,1986,FIRST ROUND PROPER,8.0
YEOVIL TOWN,1986,FIRST ROUND PROPER,8.0
ALTRINCHAM,1987,FIRST ROUND PROPER,8.0
AYLESBURY UNITED,1987,FIRST ROUND PROPER,8.0
BATH CITY,1987,FIRST ROUND PROPER,8.0
BISHOP'S STORTFORD,1987,FIRST ROUND PROPER,8.0
BOGNOR REGIS TOWN,1987,FIRST ROUND PROPER,8.0
BOSTON UNITED,1987,FIRST ROUND PROPER,8.0
BROMSGROVE ROVERS,1987,FIRST ROUND PROPER,8.0
CAERNARFON TOWN,1987,FIRST ROUND PROPER,8.0
CHELMSFORD CITY,1987,FIRST ROUND PROPER,8.0
CHORLEY,1987,FIRST ROUND PROPER,8.0
DARTFORD,1987,FIRST ROUND PROPER,8.0
ENFIELD,1987,FIRST ROUND PROPER,8.0
FAREHAM TOWN,1987,FIRST ROUND PROPER,8.0
FARNBOROUGH,1987,FIRST ROUND PROPER,8.0
FRICKLEY ATHLETIC,1987,FIRST ROUND PROPER,8.0
HALESOWEN TOWN,1987,FIRST ROUND PROPER,8.0
KETTERING TOWN,1987,FIRST ROUND PROPER,8.0
MAIDSTONE UNITED,1987,FIRST ROUND PROPER,8.0
NUNEATON TOWN,1987,FIRST ROUND PROPER,8.0
RUNCORN,1987,FIRST ROUND PROPER,8.0
SLOUGH TOWN,1987,FIRST ROUND PROPER,8.0
SOUTHPORT,1987,FIRST ROUND PROPER,8.0
SPENNYMOOR UNITED,1987,FIRST ROUND PROPER,8.0
STAFFORD RANGERS,1987,FIRST ROUND PROPER,8.0
TELFORD UNITED,1987,FIRST ROUND PROPER,8.0
TON PENTRE,1987,FIRST ROUND PROPER,8.0
V.S. RUGBY,1987,FIRST ROUND PROPER,8.0
WEALDSTONE,1987,FIRST ROUND PROPER,8.0
WELLING UNITED,1987,FIRST ROUND PROPER,8.0
WHITBY TOWN,1987,FIRST ROUND PROPER,8.0
WOKING,1987,FIRST ROUND PROPER,8.0
WOODFORD TOWN,1987,FIRST ROUND PROPER,8.0
ALTRINCHAM,1988,FIRST ROUND PROPER,8.0
ATHERSTONE UNITED,1988,FIRST ROUND PROPER,8.0
AYLESBURY UNITED,1988,FIRST ROUND PROPER,8.0
BARNET,1988,FIRST ROUND PROPER,8.0
BATH CITY,1988,FIRST ROUND PROPER,8.0
BILLINGHAM SYNTHONIA,1988,FIRST ROUND PROPER,8.0
BISHOP AUCKLAND,1988,FIRST ROUND PROPER,8.0
BOGNOR REGIS TOWN,1988,FIRST ROUND PROPER,8.0
BURTON ALBION,1988,FIRST ROUND PROPER,8.0
CARSHALTON ATHLETIC,1988,FIRST ROUND PROPER,8.0
CHELMSFORD CITY,1988,FIRST ROUND PROPER,8.0
CHELTENHAM TOWN,1988,FIRST ROUND PROPER,8.0
CHORLEY,1988,FIRST ROUND PROPER,8.0
COLWYN BAY,1988,FIRST ROUND PROPER,8.0
DAGENHAM,1988,FIRST ROUND PROPER,8.0
FARNBOROUGH,1988,FIRST ROUND PROPER,8.0
HALESOWEN TOWN,1988,FIRST ROUND PROPER,8.0
HAYES & YEADING UNITED,1988,FIRST ROUND PROPER,8.0
KIDDERMINSTER HARRIERS,1988,FIRST ROUND PROPER,8.0
LINCOLN CITY,1988,FIRST ROUND PROPER,8.0
MACCLESFIELD TOWN,1988,FIRST ROUND PROPER,8.0
MAIDSTONE UNITED,1988,FIRST ROUND PROPER,8.0
MERTHYR TOWN,1988,FIRST ROUND PROPER,8.0
NORTHWICH VICTORIA,1988,FIRST ROUND PROPER,8.0
RUNCORN,1988,FIRST ROUND PROPER,8.0
SUTTON UNITED,1988,FIRST ROUND PROPER,8.0
TAMWORTH,1988,FIRST ROUND PROPER,8.0
TELFORD UNITED,1988,FIRST ROUND PROPER,8.0
V.S. RUGBY,1988,FIRST ROUND PROPER,8.0
WELLING UNITED,1988,FIRST ROUND PROPER,8.0
WORCESTER CITY,1988,FIRST ROUND PROPER,8.0
YEOVIL TOWN,1988,FIRST ROUND PROPER,8.0
ALTRINCHAM,1989,FIRST ROUND PROPER,8.0
AYLESBURY UNITED,1989,FIRST ROUND PROPER,8.0
BARROW,1989,FIRST ROUND PROPER,8.0
BATH CITY,1989,FIRST ROUND PROPER,8.0
BOGNOR REGIS TOWN,1989,FIRST ROUND PROPER,8.0
BRANDON UNITED,1989,FIRST ROUND PROPER,8.0
BROMSGROVE ROVERS,1989,FIRST ROUND PROPER,8.0
DAGENHAM,1989,FIRST ROUND PROPER,8.0
DARTFORD,1989,FIRST ROUND PROPER,8.0
ENFIELD,1989,FIRST ROUND PROPER,8.0
FAREHAM TOWN,1989,FIRST ROUND PROPER,8.0
FISHER,1989,FIRST ROUND PROPER,8.0
FRICKLEY ATHLETIC,1989,FIRST ROUND PROPER,8.0
GRAYS ATHLETIC,1989,FIRST ROUND PROPER,8.0
GUISBOROUGH TOWN,1989,FIRST ROUND PROPER,8.0
HALESOWEN TOWN,1989,FIRST ROUND PROPER,8.0
HAYES & YEADING UNITED,1989,FIRST ROUND PROPER,8.0
HENDON,1989,FIRST ROUND PROPER,8.0
KETTERING TOWN,1989,FIRST ROUND PROPER,8.0
MAIDSTONE UNITED,1989,FIRST ROUND PROPER,8.0
MERTHYR TOWN,1989,FIRST ROUND PROPER,8.0
NEWPORT COUNTY,1989,FIRST ROUND PROPER,8.0
NORTHWICH VICTORIA,1989,FIRST ROUND PROPER,8.0
RUNCORN,1989,FIRST ROUND PROPER,8.0
SOUTHPORT,1989,FIRST ROUND PROPER,8.0
STAFFORD RANGERS,1989,FIRST ROUND PROPER,8.0
SUTTON UNITED,1989,FIRST ROUND PROPER,8.0
TELFORD UNITED,1989,FIRST ROUND PROPER,8.0
WATERLOOVILLE,1989,FIRST ROUND PROPER,8.0
WELLING UNITED,1989,FIRST ROUND PROPER,8.0
WOKING,1989,FIRST ROUND PROPER,8.0
YEOVIL TOWN,1989,FIRST ROUND PROPER,8.0
AYLESBURY UNITED,1990,FIRST ROUND PROPER,8.0
BARNET,1990,FIRST ROUND PROPER,8.0
BASINGSTOKE TOWN,1990,FIRST ROUND PROPER,8.0
BATH CITY,1990,FIRST ROUND PROPER,8.0
BILLINGHAM SYNTHONIA,1990,FIRST ROUND PROPER,8.0
BISHOP AUCKLAND,1990,FIRST ROUND PROPER,8.0
BROMSGROVE ROVERS,1990,FIRST ROUND PROPER,8.0
CONGLETON TOWN,1990,FIRST ROUND PROPER,8.0
DARLINGTON,1990,FIRST ROUND PROPER,8.0
DARTFORD,1990,FIRST ROUND PROPER,8.0
DORCHESTER TOWN,1990,FIRST ROUND PROPER,8.0
FARNBOROUGH,1990,FIRST ROUND PROPER,8.0
GLOUCESTER CITY,1990,FIRST ROUND PROPER,8.0
HALESOWEN TOWN,1990,FIRST ROUND PROPER,8.0
HAYES & YEADING UNITED,1990,FIRST ROUND PROPER,8.0
KETTERING TOWN,1990,FIRST ROUND PROPER,8.0
KIDDERMINSTER HARRIERS,1990,FIRST ROUND PROPER,8.0
MACCLESFIELD TOWN,1990,FIRST ROUND PROPER,8.0
MARINE,1990,FIRST ROUND PROPER,8.0
MATLOCK TOWN,1990,FIRST ROUND PROPER,8.0
MERTHYR TOWN,1990,FIRST ROUND PROPER,8.0
NORTHWICH VICTORIA,1990,FIRST ROUND PROPER,8.0
REDDITCH UNITED,1990,FIRST ROUND PROPER,8.0
SLOUGH TOWN,1990,FIRST ROUND PROPER,8.0
STAFFORD RANGERS,1990,FIRST ROUND PROPER,8.0
SUTTON UNITED,1990,FIRST ROUND PROPER,8.0
TELFORD UNITED,1990,FIRST ROUND PROPER,8.0
TOW LAW TOWN,1990,FIRST ROUND PROPER,8.0
WELLING UNITED,1990,FIRST ROUND PROPER,8.0
WHITLEY BAY,1990,FIRST ROUND PROPER,8.0
WOKING,1990,FIRST ROUND PROPER,8.0
YEOVIL TOWN,1990,FIRST ROUND PROPER,8.0
ALTRINCHAM,1991,FIRST ROUND PROPER,8.0
ATHERSTONE UNITED,1991,FIRST ROUND PROPER,8.0
AYLESBURY UNITED,1991,FIRST ROUND PROPER,8.0
BARNET,1991,FIRST ROUND PROPER,8.0
BARROW,1991,FIRST ROUND PROPER,8.0
BISHOP AUCKLAND,1991,FIRST ROUND PROPER,8.0
BOSTON UNITED,1991,FIRST ROUND PROPER,8.0
CHELMSFORD CITY,1991,FIRST ROUND PROPER,8.0
CHELTENHAM TOWN,1991,FIRST ROUND PROPER,8.0
CHORLEY,1991,FIRST ROUND PROPER,8.0
COLCHESTER UNITED,1991,FIRST ROUND PROPER,8.0
FARNBOROUGH,1991,FIRST ROUND PROPER,8.0
FLEETWOOD TOWN,1991,FIRST ROUND PROPER,8.0
HALESOWEN TOWN,1991,FIRST ROUND PROPER,8.0
HAYES & YEADING UNITED,1991,FIRST ROUND PROPER,8.0
KIDDERMINSTER HARRIERS,1991,FIRST ROUND PROPER,8.0
LEEK TOWN,1991,FIRST ROUND PROPER,8.0
LITTLEHAMPTON TOWN,1991,FIRST ROUND PROPER,8.0
MERTHYR TOWN,1991,FIRST ROUND PROPER,8.0
RUNCORN,1991,FIRST ROUND PROPER,8.0
SPENNYMOOR UNITED,1991,FIRST ROUND PROPER,8.0
STAFFORD RANGERS,1991,FIRST ROUND PROPER,8.0
SUTTON UNITED,1991,FIRST ROUND PROPER,8.0
TAMWORTH,1991,FIRST ROUND PROPER,8.0
TELFORD UNITED,1991,FIRST ROUND PROPER,8.0
TIVERTON TOWN,1991,FIRST ROUND PROPER,8.0
WELLING UNITED,1991,FIRST ROUND PROPER,8.0
WHITLEY BAY,1991,FIRST ROUND PROPER,8.0
WITTON ALBION,1991,FIRST ROUND PROPER,8.0
WOKING,1991,FIRST ROUND PROPER,8.0
WYCOMBE WANDERERS,1991,FIRST ROUND PROPER,8.0
YEOVIL TOWN,1991,FIRST ROUND PROPER,8.0
ATHERSTONE UNITED,1992,FIRST ROUND PROPER,8.0
AYLESBURY UNITED,1992,FIRST ROUND PROPER,8.0
BRIDLINGTON TOWN,1992,FIRST ROUND PROPER,8.0
BROMSGROVE ROVERS,1992,FIRST ROUND PROPER,8.0
COLCHESTER UNITED,1992,FIRST ROUND PROPER,8.0
CRAWLEY TOWN,1992,FIRST ROUND PROPER,8.0
EMLEY,1992,FIRST ROUND PROPER,8.0
ENFIELD,1992,FIRST ROUND PROPER,8.0
FARNBOROUGH,1992,FIRST ROUND PROPER,8.0
GRETNA,1992,FIRST ROUND PROPER,8.0
GUISELEY,1992,FIRST ROUND PROPER,8.0
HALESOWEN TOWN,1992,FIRST ROUND PROPER,8.0
HARLOW TOWN,1992,FIRST ROUND PROPER,8.0
HAYES & YEADING UNITED,1992,FIRST ROUND PROPER,8.0
KETTERING TOWN,1992,FIRST ROUND PROPER,8.0
KIDDERMINSTER HARRIERS,1992,FIRST ROUND PROPER,8.0
LINCOLN UNITED,1992,FIRST ROUND PROPER,8.0
MARLOW,1992,FIRST ROUND PROPER,8.0
MORECAMBE,1992,FIRST ROUND PROPER,8.0
RUNCORN,1992,FIRST ROUND PROPER,8.0
SLOUGH TOWN,1992,FIRST ROUND PROPER,8.0
SUTTON UNITED,1992,FIRST ROUND PROPER,8.0
TELFORD UNITED,1992,FIRST ROUND PROPER,8.0
TIVERTON TOWN,1992,FIRST ROUND PROPER,8.0
WELLING UNITED,1992,FIRST ROUND PROPER,8.0
WINDSOR & ETON,1992,FIRST ROUND PROPER,8.0
WINSFORD UNITED,1992,FIRST ROUND PROPER,8.0
WITTON ALBION,1992,FIRST ROUND PROPER,8.0
WOKING,1992,FIRST ROUND PROPER,8.0
WYCOMBE WANDERERS,1992,FIRST ROUND PROPER,8.0
YEOVIL TOWN,1992,FIRST ROUND PROPER,8.0
ACCRINGTON STANLEY,1993,FIRST ROUND PROPER,8.0
ALTRINCHAM,1993,FIRST ROUND PROPER,8.0
AYLESBURY UNITED,1993,FIRST ROUND PROPER,8.0
BATH CITY,1993,FIRST ROUND PROPER,8.0
BLYTH SPARTANS,1993,FIRST ROUND PROPER,8.0
CHELTENHAM TOWN,1993,FIRST ROUND PROPER,8.0
DAGENHAM & REDBRIDGE,1993,FIRST ROUND PROPER,8.0
DORKING,1993,FIRST ROUND PROPER,8.0
GATESHEAD,1993,FIRST ROUND PROPER,8.0
HAYES & YEADING UNITED,1993,FIRST ROUND PROPER,8.0
KETTERING TOWN,1993,FIRST ROUND PROPER,8.0
KIDDERMINSTER HARRIERS,1993,FIRST ROUND PROPER,8.0
KINGSTONIAN,1993,FIRST ROUND PROPER,8.0
MACCLESFIELD TOWN,1993,FIRST ROUND PROPER,8.0
MAIDSTONE UNITED,1993,FIRST ROUND PROPER,8.0
MARINE,1993,FIRST ROUND PROPER,8.0
MARLOW,1993,FIRST ROUND PROPER,8.0
MERTHYR TOWN,1993,FIRST ROUND PROPER,8.0
NUNEATON TOWN,1993,FIRST ROUND PROPER,8.0
SALISBURY,1993,FIRST ROUND PROPER,8.0
SLOUGH TOWN,1993,FIRST ROUND PROPER,8.0
SOLIHULL BOROUGH,1993,FIRST ROUND PROPER,8.0
SOUTHPORT,1993,FIRST ROUND PROPER,8.0
ST ALBANS CITY,1993,FIRST ROUND PROPER,8.0
STAFFORD RANGERS,1993,FIRST ROUND PROPER,8.0
SUTTON COLDFIELD TOWN,1993,FIRST ROUND PROPER,8.0
SUTTON UNITED,1993,FIRST ROUND PROPER,8.0
V.S. RUGBY,1993,FIRST ROUND PROPER,8.0
WITTON ALBION,1993,FIRST ROUND PROPER,8.0
WOKING,1993,FIRST ROUND PROPER,8.0
WYCOMBE WANDERERS,1993,FIRST ROUND PROPER,8.0
YEOVIL TOWN,1993,FIRST ROUND PROPER,8.0
ACCRINGTON STANLEY,1994,FIRST ROUND PROPER,8.0
BATH CITY,1994,FIRST ROUND PROPER,8.0
BROMSGROVE ROVERS,1994,FIRST ROUND PROPER,8.0
CAMBRIDGE CITY,1994,FIRST ROUND PROPER,8.0
CARSHALTON ATHLETIC,1994,FIRST ROUND PROPER,8.0
CRAWLEY TOWN,1994,FIRST ROUND PROPER,8.0
EBBSFLEET UNITED,1994,FIRST ROUND PROPER,8.0
ENFIELD,1994,FIRST ROUND PROPER,8.0
FARNBOROUGH,1994,FIRST ROUND PROPER,8.0
FC HALIFAX TOWN,1994,FIRST ROUND PROPER,8.0
GRETNA,1994,FIRST ROUND PROPER,8.0
KETTERING TOWN,1994,FIRST ROUND PROPER,8.0
KIDDERMINSTER HARRIERS,1994,FIRST ROUND PROPER,8.0
KNOWSLEY UNITED,1994,FIRST ROUND PROPER,8.0
LEEK TOWN,1994,FIRST ROUND PROPER,8.0
MACCLESFIELD TOWN,1994,FIRST ROUND PROPER,8.0
MARINE,1994,FIRST ROUND PROPER,8.0
MARLOW,1994,FIRST ROUND PROPER,8.0
METROPOLITAN POLICE,1994,FIRST ROUND PROPER,8.0
MOLESEY,1994,FIRST ROUND PROPER,8.0
NUNEATON TOWN,1994,FIRST ROUND PROPER,8.0
RUNCORN,1994,FIRST ROUND PROPER,8.0
SLOUGH TOWN,1994,FIRST ROUND PROPER,8.0
STALYBRIDGE CELTIC,1994,FIRST ROUND PROPER,8.0
SUTTON UNITED,1994,FIRST ROUND PROPER,8.0
TELFORD UNITED,1994,FIRST ROUND PROPER,8.0
V.S. RUGBY,1994,FIRST ROUND PROPER,8.0
WESTON-SUPER-MARE,1994,FIRST ROUND PROPER,8.0
WITTON ALBION,1994,FIRST ROUND PROPER,8.0
WOKING,1994,FIRST ROUND PROPER,8.0
YEADING,1994,FIRST ROUND PROPER,8.0
YEOVIL TOWN,1994,FIRST ROUND PROPER,8.0
ALTRINCHAM,1995,FIRST ROUND PROPER,8.0
ASHFORD TOWN,1995,FIRST ROUND PROPER,8.0
AYLESBURY UNITED,1995,FIRST ROUND PROPER,8.0
BASHLEY,1995,FIRST ROUND PROPER,8.0
BATH CITY,1995,FIRST ROUND PROPER,8.0
BISHOP AUCKLAND,1995,FIRST ROUND PROPER,8.0
CHELMSFORD CITY,1995,FIRST ROUND PROPER,8.0
CHESHAM UNITED,1995,FIRST ROUND PROPER,8.0
CRAWLEY TOWN,1995,FIRST ROUND PROPER,8.0
ENFIELD,1995,FIRST ROUND PROPER,8.0
FC HALIFAX TOWN,1995,FIRST ROUND PROPER,8.0
GRESLEY,1995,FIRST ROUND PROPER,8.0
GUISELEY,1995,FIRST ROUND PROPER,8.0
HEYBRIDGE SWIFTS,1995,FIRST ROUND PROPER,8.0
HITCHIN TOWN,1995,FIRST ROUND PROPER,8.0
HYDE UNITED,1995,FIRST ROUND PROPER,8.0
KETTERING TOWN,1995,FIRST ROUND PROPER,8.0
KIDDERMINSTER HARRIERS,1995,FIRST ROUND PROPER,8.0
KINGSTONIAN,1995,FIRST ROUND PROPER,8.0
MARLOW,1995,FIRST ROUND PROPER,8.0
NEWPORT (IOW),1995,FIRST ROUND PROPER,8.0
NORTHWICH VICTORIA,1995,FIRST ROUND PROPER,8.0
RUNCORN,1995,FIRST ROUND PROPER,8.0
SLOUGH TOWN,1995,FIRST ROUND PROPER,8.0
SOUTHPORT,1995,FIRST ROUND PROPER,8.0
SPENNYMOOR UNITED,1995,FIRST ROUND PROPER,8.0
TIVERTON TOWN,1995,FIRST ROUND PROPER,8.0
WALTON & HERSHAM,1995,FIRST ROUND PROPER,8.0
WITTON ALBION,1995,FIRST ROUND PROPER,8.0
WOKING,1995,FIRST ROUND PROPER,8.0
WORTHING,1995,FIRST ROUND PROPER,8.0
YEADING,1995,FIRST ROUND PROPER,8.0
ALTRINCHAM,1996,FIRST ROUND PROPER,8.0
ASHFORD TOWN,1996,FIRST ROUND PROPER,8.0
BARROW,1996,FIRST ROUND PROPER,8.0
BLYTH SPARTANS,1996,FIRST ROUND PROPER,8.0
BOGNOR REGIS TOWN,1996,FIRST ROUND PROPER,8.0
BROMSGROVE ROVERS,1996,FIRST ROUND PROPER,8.0
BURTON ALBION,1996,FIRST ROUND PROPER,8.0
CANVEY ISLAND,1996,FIRST ROUND PROPER,8.0
CINDERFORD TOWN,1996,FIRST ROUND PROPER,8.0
COLWYN BAY,1996,FIRST ROUND PROPER,8.0
DORCHESTER TOWN,1996,FIRST ROUND PROPER,8.0
EBBSFLEET UNITED,1996,FIRST ROUND PROPER,8.0
ENFIELD,1996,FIRST ROUND PROPER,8.0
FARNBOROUGH,1996,FIRST ROUND PROPER,8.0
HAYES & YEADING UNITED,1996,FIRST ROUND PROPER,8.0
HITCHIN TOWN,1996,FIRST ROUND PROPER,8.0
KIDDERMINSTER HARRIERS,1996,FIRST ROUND PROPER,8.0
KINGSTONIAN,1996,FIRST ROUND PROPER,8.0
MARINE,1996,FIRST ROUND PROPER,8.0
NEWPORT (IOW),1996,FIRST ROUND PROPER,8.0
NORTHWICH VICTORIA,1996,FIRST ROUND PROPER,8.0
NUNEATON TOWN,1996,FIRST ROUND PROPER,8.0
RUNCORN,1996,FIRST ROUND PROPER,8.0
RUSHDEN & DIAMONDS,1996,FIRST ROUND PROPER,8.0
SLOUGH TOWN,1996,FIRST ROUND PROPER,8.0
SPENNYMOOR UNITED,1996,FIRST ROUND PROPER,8.0
STEVENAGE,1996,FIRST ROUND PROPER,8.0
SUTTON UNITED,1996,FIRST ROUND PROPER,8.0
TELFORD UNITED,1996,FIRST ROUND PROPER,8.0
WISBECH TOWN,1996,FIRST ROUND PROPER,8.0
WITTON ALBION,1996,FIRST ROUND PROPER,8.0
WOKING,1996,FIRST ROUND PROPER,8.0
ALTRINCHAM,1997,FIRST ROUND PROPER,8.0
ASHFORD TOWN,1997,FIRST ROUND PROPER,8.0
BOREHAM WOOD,1997,FIRST ROUND PROPER,8.0
BOSTON UNITED,1997,FIRST ROUND PROPER,8.0
BROMLEY,1997,FIRST ROUND PROPER,8.0
CHELTENHAM TOWN,1997,FIRST ROUND PROPER,8.0
COLWYN BAY,1997,FIRST ROUND PROPER,8.0
CONSETT,1997,FIRST ROUND PROPER,8.0
DAGENHAM & REDBRIDGE,1997,FIRST ROUND PROPER,8.0
ENFIELD,1997,FIRST ROUND PROPER,8.0
FARNBOROUGH,1997,FIRST ROUND PROPER,8.0
HAYES & YEADING UNITED,1997,FIRST ROUND PROPER,8.0
HEDNESFORD TOWN,1997,FIRST ROUND PROPER,8.0
HENDON,1997,FIRST ROUND PROPER,8.0
KIDDERMINSTER HARRIERS,1997,FIRST ROUND PROPER,8.0
MACCLESFIELD TOWN,1997,FIRST ROUND PROPER,8.0
MERTHYR TOWN,1997,FIRST ROUND PROPER,8.0
MORECAMBE,1997,FIRST ROUND PROPER,8.0
NEWCASTLE TOWN,1997,FIRST ROUND PROPER,8.0
NORTHWICH VICTORIA,1997,FIRST ROUND PROPER,8.0
RUNCORN,1997,FIRST ROUND PROPER,8.0
RUSHDEN & DIAMONDS,1997,FIRST ROUND PROPER,8.0
SHEPSHED DYNAMO,1997,FIRST ROUND PROPER,8.0
SOUTHPORT,1997,FIRST ROUND PROPER,8.0
ST ALBANS CITY,1997,FIRST ROUND PROPER,8.0
STALYBRIDGE CELTIC,1997,FIRST ROUND PROPER,8.0
STEVENAGE,1997,FIRST ROUND PROPER,8.0
SUDBURY TOWN,1997,FIRST ROUND PROPER,8.0
WELLING UNITED,1997,FIRST ROUND PROPER,8.0
WHITBY TOWN,1997,FIRST ROUND PROPER,8.0
WISBECH TOWN,1997,FIRST ROUND PROPER,8.0
WOKING,1997,FIRST ROUND PROPER,8.0
BASINGSTOKE TOWN,1998,FIRST ROUND PROPER,8.0
BILLERICAY TOWN,1998,FIRST ROUND PROPER,8.0
BLYTH SPARTANS,1998,FIRST ROUND PROPER,8.0
BOREHAM WOOD,1998,FIRST ROUND PROPER,8.0
BOSTON UNITED,1998,FIRST ROUND PROPER,8.0
BROMSGROVE ROVERS,1998,FIRST ROUND PROPER,8.0
CARSHALTON ATHLETIC,1998,FIRST ROUND PROPER,8.0
CHELTENHAM TOWN,1998,FIRST ROUND PROPER,8.0
COLWYN BAY,1998,FIRST ROUND PROPER,8.0
DAGENHAM & REDBRIDGE,1998,FIRST ROUND PROPER,8.0
EMLEY,1998,FIRST ROUND PROPER,8.0
FARNBOROUGH,1998,FIRST ROUND PROPER,8.0
GAINSBOROUGH TRINITY,1998,FIRST ROUND PROPER,8.0
HAYES & YEADING UNITED,1998,FIRST ROUND PROPER,8.0
HEDNESFORD TOWN,1998,FIRST ROUND PROPER,8.0
HENDON,1998,FIRST ROUND PROPER,8.0
HEREFORD UNITED,1998,FIRST ROUND PROPER,8.0
HEYBRIDGE SWIFTS,1998,FIRST ROUND PROPER,8.0
ILKESTON TOWN,1998,FIRST ROUND PROPER,8.0
KING'S LYNN,1998,FIRST ROUND PROPER,8.0
LINCOLN UNITED,1998,FIRST ROUND PROPER,8.0
MARGATE,1998,FIRST ROUND PROPER,8.0
MORECAMBE,1998,FIRST ROUND PROPER,8.0
NORTHWICH VICTORIA,1998,FIRST ROUND PROPER,8.0
SLOUGH TOWN,1998,FIRST ROUND PROPER,8.0
SOLIHULL BOROUGH,1998,FIRST ROUND PROPER,8.0
SOUTHPORT,1998,FIRST ROUND PROPER,8.0
STEVENAGE,1998,FIRST ROUND PROPER,8.0
TIVERTON TOWN,1998,FIRST ROUND PROPER,8.0
WINSFORD UNITED,1998,FIRST ROUND PROPER,8.0
WISBECH TOWN,1998,FIRST ROUND PROPER,8.0
WOKING,1998,FIRST ROUND PROPER,8.0
BASINGSTOKE TOWN,1999,FIRST ROUND PROPER,8.0
BEDLINGTON TERRIERS,1999,FIRST ROUND PROPER,8.0
BOREHAM WOOD,1999,FIRST ROUND PROPER,8.0
BURTON ALBION,1999,FIRST ROUND PROPER,8.0
CAMBERLEY TOWN,1999,FIRST ROUND PROPER,8.0
CHELTENHAM TOWN,1999,FIRST ROUND PROPER,8.0
DONCASTER ROVERS,1999,FIRST ROUND PROPER,8.0
DULWICH HAMLET,1999,FIRST ROUND PROPER,8.0
EMLEY,1999,FIRST ROUND PROPER,8.0
ENFIELD,1999,FIRST ROUND PROPER,8.0
FORD UNITED,1999,FIRST ROUND PROPER,8.0
GRESLEY,1999,FIRST ROUND PROPER,8.0
HAYES & YEADING UNITED,1999,FIRST ROUND PROPER,8.0
HEDNESFORD TOWN,1999,FIRST ROUND PROPER,8.0
HENDON,1999,FIRST ROUND PROPER,8.0
KIDDERMINSTER HARRIERS,1999,FIRST ROUND PROPER,8.0
KINGSTONIAN,1999,FIRST ROUND PROPER,8.0
LANCASTER CITY,1999,FIRST ROUND PROPER,8.0
LEIGH GENESIS,1999,FIRST ROUND PROPER,8.0
RUNCORN,1999,FIRST ROUND PROPER,8.0
RUSHDEN & DIAMONDS,1999,FIRST ROUND PROPER,8.0
SALISBURY CITY,1999,FIRST ROUND PROPER,8.0
SLOUGH TOWN,1999,FIRST ROUND PROPER,8.0
SOUTHPORT,1999,FIRST ROUND PROPER,8.0
STEVENAGE,1999,FIRST ROUND PROPER,8.0
TAMWORTH,1999,FIRST ROUND PROPER,8.0
TELFORD UNITED,1999,FIRST ROUND PROPER,8.0
WELLING UNITED,1999,FIRST ROUND PROPER,8.0
WEST AUCKLAND TOWN,1999,FIRST ROUND PROPER,8.0
WOKING,1999,FIRST ROUND PROPER,8.0
WORCESTER CITY,1999,FIRST ROUND PROPER,8.0
YEOVIL TOWN,1999,FIRST ROUND PROPER,8.0
ALDERSHOT TOWN,2000,FIRST ROUND PROPER,8.0
BAMBER BRIDGE,2000,FIRST ROUND PROPER,8.0
BATH CITY,2000,FIRST ROUND PROPER,8.0
BURTON ALBION,2000,FIRST ROUND PROPER,8.0
CAMBRIDGE CITY,2000,FIRST ROUND PROPER,8.0
CHELMSFORD CITY,2000,FIRST ROUND PROPER,8.0
DONCASTER ROVERS,2000,FIRST ROUND PROPER,8.0
EASTWOOD TOWN,2000,FIRST ROUND PROPER,8.0
ENFIELD,2000,FIRST ROUND PROPER,8.0
FOREST GREEN ROVERS,2000,FIRST ROUND PROPER,8.0
GATESHEAD,2000,FIRST ROUND PROPER,8.0
GUISELEY,2000,FIRST ROUND PROPER,8.0
HAYES & YEADING UNITED,2000,FIRST ROUND PROPER,8.0
HEDNESFORD TOWN,2000,FIRST ROUND PROPER,8.0
HENDON,2000,FIRST ROUND PROPER,8.0
HEREFORD UNITED,2000,FIRST ROUND PROPER,8.0
ILKESTON TOWN,2000,FIRST ROUND PROPER,8.0
KETTERING TOWN,2000,FIRST ROUND PROPER,8.0
KINGSTONIAN,2000,FIRST ROUND PROPER,8.0
MERTHYR TOWN,2000,FIRST ROUND PROPER,8.0
MORECAMBE,2000,FIRST ROUND PROPER,8.0
OXFORD CITY,2000,FIRST ROUND PROPER,8.0
RUNCORN,2000,FIRST ROUND PROPER,8.0
RUSHDEN & DIAMONDS,2000,FIRST ROUND PROPER,8.0
SOUTHPORT,2000,FIRST ROUND PROPER,8.0
ST ALBANS CITY,2000,FIRST ROUND PROPER,8.0
STALYBRIDGE CELTIC,2000,FIRST ROUND PROPER,8.0
TAMWORTH,2000,FIRST ROUND PROPER,8.0
WELLING UNITED,2000,FIRST ROUND PROPER,8.0
WHYTELEAFE,2000,FIRST ROUND PROPER,8.0
WORTHING,2000,FIRST ROUND PROPER,8.0
YEOVIL TOWN,2000,FIRST ROUND PROPER,8.0
AFC SUDBURY,2001,FIRST ROUND PROPER,8.0
ALDERSHOT TOWN,2001,FIRST ROUND PROPER,8.0
BARROW,2001,FIRST ROUND PROPER,8.0
BRACKNELL TOWN,2001,FIRST ROUND PROPER,8.0
BURTON ALBION,2001,FIRST ROUND PROPER,8.0
CANVEY ISLAND,2001,FIRST ROUND PROPER,8.0
CHESTER,2001,FIRST ROUND PROPER,8.0
DAGENHAM & REDBRIDGE,2001,FIRST ROUND PROPER,8.0
DORCHESTER TOWN,2001,FIRST ROUND PROPER,8.0
EBBSFLEET UNITED,2001,FIRST ROUND PROPER,8.0
FOREST GREEN ROVERS,2001,FIRST ROUND PROPER,8.0
FRICKLEY ATHLETIC,2001,FIRST ROUND PROPER,8.0
GATESHEAD,2001,FIRST ROUND PROPER,8.0
GRAYS ATHLETIC,2001,FIRST ROUND PROPER,8.0
HAMPTON & RICHMOND BOROUGH,2001,FIRST ROUND PROPER,8.0
HARROW BOROUGH,2001,FIRST ROUND PROPER,8.0
HAVANT & WATERLOOVILLE,2001,FIRST ROUND PROPER,8.0
HAYES & YEADING UNITED,2001,FIRST ROUND PROPER,8.0
HEDNESFORD TOWN,2001,FIRST ROUND PROPER,8.0
ILKESTON TOWN,2001,FIRST ROUND PROPER,8.0
KETTERING TOWN,2001,FIRST ROUND PROPER,8.0
KINGSTONIAN,2001,FIRST ROUND PROPER,8.0
LEIGH GENESIS,2001,FIRST ROUND PROPER,8.0
MORECAMBE,2001,FIRST ROUND PROPER,8.0
NORTHWICH VICTORIA,2001,FIRST ROUND PROPER,8.0
NUNEATON TOWN,2001,FIRST ROUND PROPER,8.0
RADCLIFFE BOROUGH,2001,FIRST ROUND PROPER,8.0
RUSHDEN & DIAMONDS,2001,FIRST ROUND PROPER,8.0
SOUTHPORT,2001,FIRST ROUND PROPER,8.0
TELFORD UNITED,2001,FIRST ROUND PROPER,8.0
WOKING,2001,FIRST ROUND PROPER,8.0
YEOVIL TOWN,2001,FIRST ROUND PROPER,8.0
ALDERSHOT TOWN,2002,FIRST ROUND PROPER,8.0
ALTRINCHAM,2002,FIRST ROUND PROPER,8.0
AYLESBURY UNITED,2002,FIRST ROUND PROPER,8.0
BARNET,2002,FIRST ROUND PROPER,8.0
BARROW,2002,FIRST ROUND PROPER,8.0
BEDFORD TOWN,2002,FIRST ROUND PROPER,8.0
BRIGG TOWN,2002,FIRST ROUND PROPER,8.0
CAMBRIDGE CITY,2002,FIRST ROUND PROPER,8.0
CANVEY ISLAND,2002,FIRST ROUND PROPER,8.0
DAGENHAM & REDBRIDGE,2002,FIRST ROUND PROPER,8.0
DONCASTER ROVERS,2002,FIRST ROUND PROPER,8.0
EBBSFLEET UNITED,2002,FIRST ROUND PROPER,8.0
FARNBOROUGH,2002,FIRST ROUND PROPER,8.0
FOREST GREEN ROVERS,2002,FIRST ROUND PROPER,8.0
GRAYS ATHLETIC,2002,FIRST ROUND PROPER,8.0
HAYES & YEADING UNITED,2002,FIRST ROUND PROPER,8.0
HEREFORD UNITED,2002,FIRST ROUND PROPER,8.0
HINCKLEY UNITED,2002,FIRST ROUND PROPER,8.0
KETTERING TOWN,2002,FIRST ROUND PROPER,8.0
LANCASTER CITY,2002,FIRST ROUND PROPER,8.0
LEWES,2002,FIRST ROUND PROPER,8.0
MORECAMBE,2002,FIRST ROUND PROPER,8.0
NEWPORT COUNTY,2002,FIRST ROUND PROPER,8.0
NORTHWICH VICTORIA,2002,FIRST ROUND PROPER,8.0
SOUTHPORT,2002,FIRST ROUND PROPER,8.0
STALYBRIDGE CELTIC,2002,FIRST ROUND PROPER,8.0
TAMWORTH,2002,FIRST ROUND PROPER,8.0
TIVERTON TOWN,2002,FIRST ROUND PROPER,8.0
WELLING UNITED,2002,FIRST ROUND PROPER,8.0
WHITBY TOWN,2002,FIRST ROUND PROPER,8.0
WORCESTER CITY,2002,FIRST ROUND PROPER,8.0
WORKSOP TOWN,2002,FIRST ROUND PROPER,8.0
BARROW,2003,FIRST ROUND PROPER,8.0
BOREHAM WOOD,2003,FIRST ROUND PROPER,8.0
BURTON ALBION,2003,FIRST ROUND PROPER,8.0
CHESTER,2003,FIRST ROUND PROPER,8.0
CRAWLEY TOWN,2003,FIRST ROUND PROPER,8.0
DAGENHAM & REDBRIDGE,2003,FIRST ROUND PROPER,8.0
DONCASTER ROVERS,2003,FIRST ROUND PROPER,8.0
DOVER ATHLETIC,2003,FIRST ROUND PROPER,8.0
FARNBOROUGH,2003,FIRST ROUND PROPER,8.0
FOREST GREEN ROVERS,2003,FIRST ROUND PROPER,8.0
GUISELEY,2003,FIRST ROUND PROPER,8.0
HARROGATE RAILWAY ATHLETIC,2003,FIRST ROUND PROPER,8.0
HARROGATE TOWN,2003,FIRST ROUND PROPER,8.0
HASTINGS UNITED,2003,FIRST ROUND PROPER,8.0
HAVANT & WATERLOOVILLE,2003,FIRST ROUND PROPER,8.0
HEREFORD UNITED,2003,FIRST ROUND PROPER,8.0
HEYBRIDGE SWIFTS,2003,FIRST ROUND PROPER,8.0
MARGATE,2003,FIRST ROUND PROPER,8.0
MORECAMBE,2003,FIRST ROUND PROPER,8.0
NORTHWICH VICTORIA,2003,FIRST ROUND PROPER,8.0
RUNCORN HALTON,2003,FIRST ROUND PROPER,8.0
SCARBOROUGH,2003,FIRST ROUND PROPER,8.0
SLOUGH TOWN,2003,FIRST ROUND PROPER,8.0
SOLIHULL MOORS,2003,FIRST ROUND PROPER,8.0
SOUTHPORT,2003,FIRST ROUND PROPER,8.0
ST ALBANS CITY,2003,FIRST ROUND PROPER,8.0
STAFFORD RANGERS,2003,FIRST ROUND PROPER,8.0
STEVENAGE,2003,FIRST ROUND PROPER,8.0
TEAM BATH,2003,FIRST ROUND PROPER,8.0
TIVERTON TOWN,2003,FIRST ROUND PROPER,8.0
VAUXHALL MOTORS(W CHESH),2003,FIRST ROUND PROPER,8.0
YEOVIL TOWN,2003,FIRST ROUND PROPER,8.0
ACCRINGTON STANLEY,2004,FIRST ROUND PROPER,8.0
ALDERSHOT TOWN,2004,FIRST ROUND PROPER,8.0
BARNET,2004,FIRST ROUND PROPER,8.0
BISHOP'S STORTFORD,2004,FIRST ROUND PROPER,8.0
BOREHAM WOOD,2004,FIRST ROUND PROPER,8.0
BRADFORD PARK AVENUE,2004,FIRST ROUND PROPER,8.0
BURTON ALBION,2004,FIRST ROUND PROPER,8.0
CANVEY ISLAND,2004,FIRST ROUND PROPER,8.0
CHESTER,2004,FIRST ROUND PROPER,8.0
CRAWLEY TOWN,2004,FIRST ROUND PROPER,8.0
EBBSFLEET UNITED,2004,FIRST ROUND PROPER,8.0
FARNBOROUGH,2004,FIRST ROUND PROPER,8.0
FORD UNITED,2004,FIRST ROUND PROPER,8.0
GAINSBOROUGH TRINITY,2004,FIRST ROUND PROPER,8.0
GRANTHAM TOWN,2004,FIRST ROUND PROPER,8.0
GRAYS ATHLETIC,2004,FIRST ROUND PROPER,8.0
HEREFORD UNITED,2004,FIRST ROUND PROPER,8.0
HISTON,2004,FIRST ROUND PROPER,8.0
HORNCHURCH,2004,FIRST ROUND PROPER,8.0
LANCASTER CITY,2004,FIRST ROUND PROPER,8.0
NORTHWICH VICTORIA,2004,FIRST ROUND PROPER,8.0
SALISBURY CITY,2004,FIRST ROUND PROPER,8.0
SCARBOROUGH,2004,FIRST ROUND PROPER,8.0
SHILDON,2004,FIRST ROUND PROPER,8.0
SHREWSBURY TOWN,2004,FIRST ROUND PROPER,8.0
STALYBRIDGE CELTIC,2004,FIRST ROUND PROPER,8.0
STEVENAGE,2004,FIRST ROUND PROPER,8.0
TELFORD UNITED,2004,FIRST ROUND PROPER,8.0
THURROCK,2004,FIRST ROUND PROPER,8.0
WESTON-SUPER-MARE,2004,FIRST ROUND PROPER,8.0
WHITBY TOWN,2004,FIRST ROUND PROPER,8.0
WOKING,2004,FIRST ROUND PROPER,8.0
ALDERSHOT TOWN,2005,FIRST ROUND PROPER,8.0
ALFRETON TOWN,2005,FIRST ROUND PROPER,8.0
BARNET,2005,FIRST ROUND PROPER,8.0
BATH CITY,2005,FIRST ROUND PROPER,8.0
BILLERICAY TOWN,2005,FIRST ROUND PROPER,8.0
CAMBRIDGE CITY,2005,FIRST ROUND PROPER,8.0
CANVEY ISLAND,2005,FIRST ROUND PROPER,8.0
CARLISLE UNITED,2005,FIRST ROUND PROPER,8.0
COALVILLE TOWN,2005,FIRST ROUND PROPER,8.0
DAGENHAM & REDBRIDGE,2005,FIRST ROUND PROPER,8.0
EXETER CITY,2005,FIRST ROUND PROPER,8.0
FC HALIFAX TOWN,2005,FIRST ROUND PROPER,8.0
FOREST GREEN ROVERS,2005,FIRST ROUND PROPER,8.0
HALESOWEN TOWN,2005,FIRST ROUND PROPER,8.0
HAYES & YEADING UNITED,2005,FIRST ROUND PROPER,8.0
HEREFORD UNITED,2005,FIRST ROUND PROPER,8.0
HINCKLEY UNITED,2005,FIRST ROUND PROPER,8.0
HISTON,2005,FIRST ROUND PROPER,8.0
HORNCHURCH,2005,FIRST ROUND PROPER,8.0
LANCASTER CITY,2005,FIRST ROUND PROPER,8.0
LEIGH GENESIS,2005,FIRST ROUND PROPER,8.0
MORECAMBE,2005,FIRST ROUND PROPER,8.0
SLOUGH TOWN,2005,FIRST ROUND PROPER,8.0
SOUTHPORT,2005,FIRST ROUND PROPER,8.0
STAFFORD RANGERS,2005,FIRST ROUND PROPER,8.0
STEVENAGE,2005,FIRST ROUND PROPER,8.0
TAMWORTH,2005,FIRST ROUND PROPER,8.0
THURROCK,2005,FIRST ROUND PROPER,8.0
TIVERTON TOWN,2005,FIRST ROUND PROPER,8.0
VAUXHALL MOTORS(W CHESH),2005,FIRST ROUND PROPER,8.0
WOKING,2005,FIRST ROUND PROPER,8.0
YEADING,2005,FIRST ROUND PROPER,8.0
ALDERSHOT TOWN,2006,FIRST ROUND PROPER,8.0
BRAINTREE TOWN,2006,FIRST ROUND PROPER,8.0
BURNHAM,2006,FIRST ROUND PROPER,8.0
BURSCOUGH,2006,FIRST ROUND PROPER,8.0
BURTON ALBION,2006,FIRST ROUND PROPER,8.0
CAMBRIDGE CITY,2006,FIRST ROUND PROPER,8.0
CHASETOWN,2006,FIRST ROUND PROPER,8.0
CHIPPENHAM TOWN,2006,FIRST ROUND PROPER,8.0
DAGENHAM & REDBRIDGE,2006,FIRST ROUND PROPER,8.0
EASTBOURNE BOROUGH,2006,FIRST ROUND PROPER,8.0
FC HALIFAX TOWN,2006,FIRST ROUND PROPER,8.0
FOLKESTONE INVICTA,2006,FIRST ROUND PROPER,8.0
GRAYS ATHLETIC,2006,FIRST ROUND PROPER,8.0
HARROGATE TOWN,2006,FIRST ROUND PROPER,8.0
HEDNESFORD TOWN,2006,FIRST ROUND PROPER,8.0
HEREFORD UNITED,2006,FIRST ROUND PROPER,8.0
HISTON,2006,FIRST ROUND PROPER,8.0
KETTERING TOWN,2006,FIRST ROUND PROPER,8.0
LEAMINGTON,2006,FIRST ROUND PROPER,8.0
MERTHYR TOWN,2006,FIRST ROUND PROPER,8.0
MORECAMBE,2006,FIRST ROUND PROPER,8.0
NORTHWICH VICTORIA,2006,FIRST ROUND PROPER,8.0
NUNEATON TOWN,2006,FIRST ROUND PROPER,8.0
RAMSGATE,2006,FIRST ROUND PROPER,8.0
SOUTHPORT,2006,FIRST ROUND PROPER,8.0
STEVENAGE,2006,FIRST ROUND PROPER,8.0
TAMWORTH,2006,FIRST ROUND PROPER,8.0
WELLING UNITED,2006,FIRST ROUND PROPER,8.0
WEYMOUTH,2006,FIRST ROUND PROPER,8.0
WOKING,2006,FIRST ROUND PROPER,8.0
WORCESTER CITY,2006,FIRST ROUND PROPER,8.0
YORK CITY,2006,FIRST ROUND PROPER,8.0
ALDERSHOT TOWN,2007,FIRST ROUND PROPER,8.0
BARROW,2007,FIRST ROUND PROPER,8.0
BASINGSTOKE TOWN,2007,FIRST ROUND PROPER,8.0
BISHOP'S STORTFORD,2007,FIRST ROUND PROPER,8.0
BROMLEY,2007,FIRST ROUND PROPER,8.0
BURTON ALBION,2007,FIRST ROUND PROPER,8.0
CHELMSFORD CITY,2007,FIRST ROUND PROPER,8.0
CLEVEDON TOWN,2007,FIRST ROUND PROPER,8.0
EXETER CITY,2007,FIRST ROUND PROPER,8.0
FARSLEY CELTIC,2007,FIRST ROUND PROPER,8.0
FLEETWOOD TOWN,2007,FIRST ROUND PROPER,8.0
GAINSBOROUGH TRINITY,2007,FIRST ROUND PROPER,8.0
HAVANT & WATERLOOVILLE,2007,FIRST ROUND PROPER,8.0
KETTERING TOWN,2007,FIRST ROUND PROPER,8.0
KIDDERMINSTER HARRIERS,2007,FIRST ROUND PROPER,8.0
KING'S LYNN_,2007,FIRST ROUND PROPER,8.0
LEATHERHEAD,2007,FIRST ROUND PROPER,8.0
LEWES,2007,FIRST ROUND PROPER,8.0
MAIDENHEAD UNITED,2007,FIRST ROUND PROPER,8.0
MORECAMBE,2007,FIRST ROUND PROPER,8.0
NEWPORT COUNTY,2007,FIRST ROUND PROPER,8.0
NORTHWICH VICTORIA,2007,FIRST ROUND PROPER,8.0
OXFORD UNITED,2007,FIRST ROUND PROPER,8.0
RUSHDEN & DIAMONDS,2007,FIRST ROUND PROPER,8.0
SALISBURY CITY,2007,FIRST ROUND PROPER,8.0
STAFFORD RANGERS,2007,FIRST ROUND PROPER,8.0
STEVENAGE,2007,FIRST ROUND PROPER,8.0
TAMWORTH,2007,FIRST ROUND PROPER,8.0
WEYMOUTH,2007,FIRST ROUND PROPER,8.0
WOKING,2007,FIRST ROUND PROPER,8.0
YEADING,2007,FIRST ROUND PROPER,8.0
YORK CITY,2007,FIRST ROUND PROPER,8.0
ALDERSHOT TOWN,2008,FIRST ROUND PROPER,8.0
ALTRINCHAM,2008,FIRST ROUND PROPER,8.0
BARROW,2008,FIRST ROUND PROPER,8.0
BILLERICAY TOWN,2008,FIRST ROUND PROPER,8.0
BURTON ALBION,2008,FIRST ROUND PROPER,8.0
CAMBRIDGE UNITED,2008,FIRST ROUND PROPER,8.0
CHASETOWN,2008,FIRST ROUND PROPER,8.0
DROYLSDEN,2008,FIRST ROUND PROPER,8.0
EASTBOURNE BOROUGH,2008,FIRST ROUND PROPER,8.0
EXETER CITY,2008,FIRST ROUND PROPER,8.0
FC HALIFAX TOWN,2008,FIRST ROUND PROPER,8.0
FOREST GREEN ROVERS,2008,FIRST ROUND PROPER,8.0
GAINSBOROUGH TRINITY,2008,FIRST ROUND PROPER,8.0
HAMPTON & RICHMOND BOROUGH,2008,FIRST ROUND PROPER,8.0
HARROGATE RAILWAY ATHLETIC_,2008,FIRST ROUND PROPER,8.0
HAVANT & WATERLOOVILLE,2008,FIRST ROUND PROPER,8.0
HISTON,2008,FIRST ROUND PROPER,8.0
HORSHAM,2008,FIRST ROUND PROPER,8.0
KIDDERMINSTER HARRIERS,2008,FIRST ROUND PROPER,8.0
LEWES,2008,FIRST ROUND PROPER,8.0
MAIDENHEAD UNITED,2008,FIRST ROUND PROPER,8.0
NORTHWICH VICTORIA,2008,FIRST ROUND PROPER,8.0
OXFORD UNITED,2008,FIRST ROUND PROPER,8.0
RUSHDEN & DIAMONDS,2008,FIRST ROUND PROPER,8.0
STAINES TOWN,2008,FIRST ROUND PROPER,8.0
STEVENAGE,2008,FIRST ROUND PROPER,8.0
TEAM BATH,2008,FIRST ROUND PROPER,8.0
TORQUAY UNITED,2008,FIRST ROUND PROPER,8.0
WARE,2008,FIRST ROUND PROPER,8.0
WEYMOUTH,2008,FIRST ROUND PROPER,8.0
WORKINGTON,2008,FIRST ROUND PROPER,8.0
YORK CITY,2008,FIRST ROUND PROPER,8.0
AFC HORNCHURCH,2009,FIRST ROUND PROPER,8.0
AFC TELFORD UNITED,2009,FIRST ROUND PROPER,8.0
AFC WIMBLEDON,2009,FIRST ROUND PROPER,8.0
ALFRETON TOWN,2009,FIRST ROUND PROPER,8.0
ALTRINCHAM,2009,FIRST ROUND PROPER,8.0
BARROW,2009,FIRST ROUND PROPER,8.0
BLYTH SPARTANS,2009,FIRST ROUND PROPER,8.0
BRACKLEY TOWN,2009,FIRST ROUND PROPER,8.0
BURY TOWN,2009,FIRST ROUND PROPER,8.0
CAMBRIDGE UNITED,2009,FIRST ROUND PROPER,8.0
CURZON ASHTON,2009,FIRST ROUND PROPER,8.0
DORCHESTER TOWN,2009,FIRST ROUND PROPER,8.0
DROYLSDEN,2009,FIRST ROUND PROPER,8.0
EASTBOURNE BOROUGH,2009,FIRST ROUND PROPER,8.0
EASTWOOD TOWN,2009,FIRST ROUND PROPER,8.0
EBBSFLEET UNITED,2009,FIRST ROUND PROPER,8.0
EVESHAM UNITED,2009,FIRST ROUND PROPER,8.0
FLEETWOOD TOWN,2009,FIRST ROUND PROPER,8.0
FOREST GREEN ROVERS,2009,FIRST ROUND PROPER,8.0
GRAYS ATHLETIC,2009,FIRST ROUND PROPER,8.0
HARLOW TOWN,2009,FIRST ROUND PROPER,8.0
HAVANT & WATERLOOVILLE,2009,FIRST ROUND PROPER,8.0
HISTON,2009,FIRST ROUND PROPER,8.0
KETTERING TOWN,2009,FIRST ROUND PROPER,8.0
KIDDERMINSTER HARRIERS,2009,FIRST ROUND PROPER,8.0
LEISTON,2009,FIRST ROUND PROPER,8.0
MANSFIELD TOWN,2009,FIRST ROUND PROPER,8.0
OXFORD UNITED,2009,FIRST ROUND PROPER,8.0
STEVENAGE,2009,FIRST ROUND PROPER,8.0
SUTTON UNITED,2009,FIRST ROUND PROPER,8.0
TEAM BATH,2009,FIRST ROUND PROPER,8.0
TORQUAY UNITED,2009,FIRST ROUND PROPER,8.0
AFC TELFORD UNITED,2010,FIRST ROUND PROPER,8.0
AFC WIMBLEDON,2010,FIRST ROUND PROPER,8.0
BARROW,2010,FIRST ROUND PROPER,8.0
BATH CITY,2010,FIRST ROUND PROPER,8.0
BROMLEY,2010,FIRST ROUND PROPER,8.0
CAMBRIDGE UNITED,2010,FIRST ROUND PROPER,8.0
EASTLEIGH,2010,FIRST ROUND PROPER,8.0
FLEETWOOD TOWN,2010,FIRST ROUND PROPER,8.0
FOREST GREEN ROVERS,2010,FIRST ROUND PROPER,8.0
GATESHEAD,2010,FIRST ROUND PROPER,8.0
HINCKLEY UNITED,2010,FIRST ROUND PROPER,8.0
ILKESTON TOWN,2010,FIRST ROUND PROPER,8.0
KETTERING TOWN,2010,FIRST ROUND PROPER,8.0
LOWESTOFT TOWN,2010,FIRST ROUND PROPER,8.0
LUTON TOWN,2010,FIRST ROUND PROPER,8.0
MANSFIELD TOWN,2010,FIRST ROUND PROPER,8.0
NORTHWICH VICTORIA,2010,FIRST ROUND PROPER,8.0
NUNEATON TOWN,2010,FIRST ROUND PROPER,8.0
OXFORD CITY,2010,FIRST ROUND PROPER,8.0
OXFORD UNITED,2010,FIRST ROUND PROPER,8.0
PAULTON ROVERS,2010,FIRST ROUND PROPER,8.0
RUSHDEN & DIAMONDS,2010,FIRST ROUND PROPER,8.0
SALISBURY CITY,2010,FIRST ROUND PROPER,8.0
STAINES TOWN,2010,FIRST ROUND PROPER,8.0
STEVENAGE,2010,FIRST ROUND PROPER,8.0
STOURBRIDGE,2010,FIRST ROUND PROPER,8.0
SUTTON UNITED,2010,FIRST ROUND PROPER,8.0
TOOTING & MITCHAM UNITED,2010,FIRST ROUND PROPER,8.0
WEALDSTONE,2010,FIRST ROUND PROPER,8.0
WOKING,2010,FIRST ROUND PROPER,8.0
WREXHAM,2010,FIRST ROUND PROPER,8.0
YORK CITY,2010,FIRST ROUND PROPER,8.0
AFC WIMBLEDON,2011,FIRST ROUND PROPER,8.0
CAMBRIDGE UNITED,2011,FIRST ROUND PROPER,8.0
CHELMSFORD CITY,2011,FIRST ROUND PROPER,8.0
CORBY TOWN,2011,FIRST ROUND PROPER,8.0
CRAWLEY TOWN,2011,FIRST ROUND PROPER,8.0
DARLINGTON,2011,FIRST ROUND PROPER,8.0
DARTFORD,2011,FIRST ROUND PROPER,8.0
DOVER ATHLETIC,2011,FIRST ROUND PROPER,8.0
DROYLSDEN,2011,FIRST ROUND PROPER,8.0
EASTWOOD TOWN,2011,FIRST ROUND PROPER,8.0
EBBSFLEET UNITED,2011,FIRST ROUND PROPER,8.0
FC UNITED OF MANCHESTER,2011,FIRST ROUND PROPER,8.0
FLEETWOOD TOWN,2011,FIRST ROUND PROPER,8.0
FOREST GREEN ROVERS,2011,FIRST ROUND PROPER,8.0
GATESHEAD,2011,FIRST ROUND PROPER,8.0
GUISELEY,2011,FIRST ROUND PROPER,8.0
HARROW BOROUGH,2011,FIRST ROUND PROPER,8.0
HAVANT & WATERLOOVILLE,2011,FIRST ROUND PROPER,8.0
HAYES & YEADING UNITED,2011,FIRST ROUND PROPER,8.0
HENDON,2011,FIRST ROUND PROPER,8.0
HYTHE TOWN,2011,FIRST ROUND PROPER,8.0
LUTON TOWN,2011,FIRST ROUND PROPER,8.0
MANSFIELD TOWN,2011,FIRST ROUND PROPER,8.0
NUNEATON TOWN,2011,FIRST ROUND PROPER,8.0
RUSHDEN & DIAMONDS,2011,FIRST ROUND PROPER,8.0
SOUTHPORT,2011,FIRST ROUND PROPER,8.0
SWINDON SUPERMARINE,2011,FIRST ROUND PROPER,8.0
TAMWORTH,2011,FIRST ROUND PROPER,8.0
TIPTON TOWN,2011,FIRST ROUND PROPER,8.0
VAUXHALL MOTORS,2011,FIRST ROUND PROPER,8.0
WOKING,2011,FIRST ROUND PROPER,8.0
YORK CITY,2011,FIRST ROUND PROPER,8.0
AFC TELFORD UNITED,2012,FIRST ROUND PROPER,8.0
AFC TOTTON,2012,FIRST ROUND PROPER,8.0
ALFRETON TOWN,2012,FIRST ROUND PROPER,8.0
ARLESEY TOWN,2012,FIRST ROUND PROPER,8.0
BARROW,2012,FIRST ROUND PROPER,8.0
BASINGSTOKE TOWN,2012,FIRST ROUND PROPER,8.0
BATH CITY,2012,FIRST ROUND PROPER,8.0
BLYTH SPARTANS,2012,FIRST ROUND PROPER,8.0
BRADFORD (PARK AVENUE),2012,FIRST ROUND PROPER,8.0
BROMLEY,2012,FIRST ROUND PROPER,8.0
CAMBRIDGE UNITED,2012,FIRST ROUND PROPER,8.0
CHELMSFORD CITY,2012,FIRST ROUND PROPER,8.0
CORBY TOWN,2012,FIRST ROUND PROPER,8.0
EAST THURROCK UNITED,2012,FIRST ROUND PROPER,8.0
FC HALIFAX TOWN,2012,FIRST ROUND PROPER,8.0
FLEETWOOD TOWN,2012,FIRST ROUND PROPER,8.0
GATESHEAD,2012,FIRST ROUND PROPER,8.0
GRIMSBY TOWN,2012,FIRST ROUND PROPER,8.0
HINCKLEY UNITED,2012,FIRST ROUND PROPER,8.0
KETTERING TOWN,2012,FIRST ROUND PROPER,8.0
LUTON TOWN,2012,FIRST ROUND PROPER,8.0
MAIDENHEAD UNITED,2012,FIRST ROUND PROPER,8.0
NANTWICH TOWN,2012,FIRST ROUND PROPER,8.0
NEWPORT COUNTY,2012,FIRST ROUND PROPER,8.0
OXFORD CITY,2012,FIRST ROUND PROPER,8.0
REDBRIDGE,2012,FIRST ROUND PROPER,8.0
SALISBURY CITY,2012,FIRST ROUND PROPER,8.0
SOUTHPORT,2012,FIRST ROUND PROPER,8.0
STOURBRIDGE,2012,FIRST ROUND PROPER,8.0
SUTTON UNITED,2012,FIRST ROUND PROPER,8.0
TAMWORTH,2012,FIRST ROUND PROPER,8.0
WREXHAM,2012,FIRST ROUND PROPER,8.0
AFC FYLDE,2013,FIRST ROUND PROPER,8.0
ALFRETON TOWN,2013,FIRST ROUND PROPER,8.0
ALTRINCHAM,2013,FIRST ROUND PROPER,8.0
ARLESEY TOWN,2013,FIRST ROUND PROPER,8.0
BARROW,2013,FIRST ROUND PROPER,8.0
BISHOP'S STORTFORD,2013,FIRST ROUND PROPER,8.0
BOREHAM WOOD,2013,FIRST ROUND PROPER,8.0
BRADFORD (PARK AVENUE),2013,FIRST ROUND PROPER,8.0
BRAINTREE TOWN,2013,FIRST ROUND PROPER,8.0
BROMLEY,2013,FIRST ROUND PROPER,8.0
CAMBRIDGE CITY,2013,FIRST ROUND PROPER,8.0
CHELMSFORD CITY,2013,FIRST ROUND PROPER,8.0
DORCHESTER TOWN,2013,FIRST ROUND PROPER,8.0
EBBSFLEET UNITED,2013,FIRST ROUND PROPER,8.0
FOREST GREEN ROVERS,2013,FIRST ROUND PROPER,8.0
GLOUCESTER CITY,2013,FIRST ROUND PROPER,8.0
GUISELEY,2013,FIRST ROUND PROPER,8.0
HARROGATE TOWN,2013,FIRST ROUND PROPER,8.0
HASTINGS UNITED,2013,FIRST ROUND PROPER,8.0
HENDON,2013,FIRST ROUND PROPER,8.0
HEREFORD UNITED,2013,FIRST ROUND PROPER,8.0
KIDDERMINSTER HARRIERS,2013,FIRST ROUND PROPER,8.0
LINCOLN CITY,2013,FIRST ROUND PROPER,8.0
LUTON TOWN,2013,FIRST ROUND PROPER,8.0
MACCLESFIELD TOWN,2013,FIRST ROUND PROPER,8.0
MANSFIELD TOWN,2013,FIRST ROUND PROPER,8.0
METROPOLITAN POLICE,2013,FIRST ROUND PROPER,8.0
NUNEATON TOWN,2013,FIRST ROUND PROPER,8.0
SLOUGH TOWN,2013,FIRST ROUND PROPER,8.0
STOCKPORT COUNTY,2013,FIRST ROUND PROPER,8.0
WREXHAM,2013,FIRST ROUND PROPER,8.0
YATE TOWN,2013,FIRST ROUND PROPER,8.0
ALFRETON TOWN,2014,FIRST ROUND PROPER,8.0
BARNET,2014,FIRST ROUND PROPER,8.0
BIGGLESWADE TOWN,2014,FIRST ROUND PROPER,8.0
BISHOP'S STORTFORD,2014,FIRST ROUND PROPER,8.0
BOREHAM WOOD,2014,FIRST ROUND PROPER,8.0
BRACKLEY TOWN,2014,FIRST ROUND PROPER,8.0
BRAINTREE TOWN,2014,FIRST ROUND PROPER,8.0
CAMBRIDGE UNITED,2014,FIRST ROUND PROPER,8.0
CORBY TOWN,2014,FIRST ROUND PROPER,8.0
DARTFORD,2014,FIRST ROUND PROPER,8.0
DAVENTRY TOWN,2014,FIRST ROUND PROPER,8.0
DOVER ATHLETIC,2014,FIRST ROUND PROPER,8.0
FC HALIFAX TOWN,2014,FIRST ROUND PROPER,8.0
GATESHEAD,2014,FIRST ROUND PROPER,8.0
GLOUCESTER CITY,2014,FIRST ROUND PROPER,8.0
GRIMSBY TOWN,2014,FIRST ROUND PROPER,8.0
HEDNESFORD TOWN,2014,FIRST ROUND PROPER,8.0
HEREFORD UNITED,2014,FIRST ROUND PROPER,8.0
KIDDERMINSTER HARRIERS,2014,FIRST ROUND PROPER,8.0
LINCOLN CITY,2014,FIRST ROUND PROPER,8.0
LUTON TOWN,2014,FIRST ROUND PROPER,8.0
MACCLESFIELD TOWN,2014,FIRST ROUND PROPER,8.0
SALISBURY CITY,2014,FIRST ROUND PROPER,8.0
SHORTWOOD UNITED,2014,FIRST ROUND PROPER,8.0
SOUTHPORT,2014,FIRST ROUND PROPER,8.0
ST ALBANS CITY,2014,FIRST ROUND PROPER,8.0
STAINES TOWN,2014,FIRST ROUND PROPER,8.0
STOURBRIDGE,2014,FIRST ROUND PROPER,8.0
SUTTON UNITED,2014,FIRST ROUND PROPER,8.0
TAMWORTH,2014,FIRST ROUND PROPER,8.0
WELLING UNITED,2014,FIRST ROUND PROPER,8.0
WREXHAM,2014,FIRST ROUND PROPER,8.0
AFC FYLDE,2015,FIRST ROUND PROPER,8.0
AFC TELFORD UNITED,2015,FIRST ROUND PROPER,8.0
ALDERSHOT TOWN,2015,FIRST ROUND PROPER,8.0
ALTRINCHAM,2015,FIRST ROUND PROPER,8.0
BARNET,2015,FIRST ROUND PROPER,8.0
BASINGSTOKE TOWN,2015,FIRST ROUND PROPER,8.0
BLYTH SPARTANS,2015,FIRST ROUND PROPER,8.0
BRAINTREE TOWN,2015,FIRST ROUND PROPER,8.0
BRISTOL ROVERS,2015,FIRST ROUND PROPER,8.0
BROMLEY,2015,FIRST ROUND PROPER,8.0
CHESTER,2015,FIRST ROUND PROPER,8.0
CONCORD RANGERS,2015,FIRST ROUND PROPER,8.0
DARTFORD,2015,FIRST ROUND PROPER,8.0
DOVER ATHLETIC,2015,FIRST ROUND PROPER,8.0
EAST THURROCK UNITED,2015,FIRST ROUND PROPER,8.0
EASTLEIGH,2015,FIRST ROUND PROPER,8.0
FC HALIFAX TOWN,2015,FIRST ROUND PROPER,8.0
FOREST GREEN ROVERS,2015,FIRST ROUND PROPER,8.0
GATESHEAD,2015,FIRST ROUND PROPER,8.0
GOSPORT BOROUGH,2015,FIRST ROUND PROPER,8.0
GRIMSBY TOWN,2015,FIRST ROUND PROPER,8.0
HAVANT & WATERLOOVILLE,2015,FIRST ROUND PROPER,8.0
HEMEL HEMPSTEAD TOWN,2015,FIRST ROUND PROPER,8.0
LINCOLN CITY,2015,FIRST ROUND PROPER,8.0
MAIDSTONE UNITED,2015,FIRST ROUND PROPER,8.0
NORTON UNITED,2015,FIRST ROUND PROPER,8.0
SOUTHPORT,2015,FIRST ROUND PROPER,8.0
WARRINGTON TOWN,2015,FIRST ROUND PROPER,8.0
WESTON SUPER MARE,2015,FIRST ROUND PROPER,8.0
WOKING,2015,FIRST ROUND PROPER,8.0
WORCESTER CITY,2015,FIRST ROUND PROPER,8.0
WREXHAM,2015,FIRST ROUND PROPER,8.0
